img_id,wnid,path
n01322604_10013,n01322604,imagenet/n01322604_10013.jpg
n01322604_10275,n01322604,imagenet/n01322604_10275.jpg
n01322604_10456,n01322604,imagenet/n01322604_10456.jpg
n01322604_10703,n01322604,imagenet/n01322604_10703.jpg
n01322604_10716,n01322604,imagenet/n01322604_10716.jpg
n01322604_10809,n01322604,imagenet/n01322604_10809.jpg
n01322604_11295,n01322604,imagenet/n01322604_11295.jpg
n01322604_11724,n01322604,imagenet/n01322604_11724.jpg
n01322604_11959,n01322604,imagenet/n01322604_11959.jpg
n01322604_12059,n01322604,imagenet/n01322604_12059.jpg
n01322604_12146,n01322604,imagenet/n01322604_12146.jpg
n01322604_12171,n01322604,imagenet/n01322604_12171.jpg
n01322604_12472,n01322604,imagenet/n01322604_12472.jpg
n01322604_12659,n01322604,imagenet/n01322604_12659.jpg
n01322604_12956,n01322604,imagenet/n01322604_12956.jpg
n01322604_12973,n01322604,imagenet/n01322604_12973.jpg
n01322604_13113,n01322604,imagenet/n01322604_13113.jpg
n01322604_13143,n01322604,imagenet/n01322604_13143.jpg
n01322604_13175,n01322604,imagenet/n01322604_13175.jpg
n01639765_1030,n01639765,imagenet/n01639765_1030.jpg
n01639765_10343,n01639765,imagenet/n01639765_10343.jpg
n01639765_10465,n01639765,imagenet/n01639765_10465.jpg
n01639765_105,n01639765,imagenet/n01639765_105.jpg
n01639765_10571,n01639765,imagenet/n01639765_10571.jpg
n01639765_10652,n01639765,imagenet/n01639765_10652.jpg
n01639765_10665,n01639765,imagenet/n01639765_10665.jpg
n01639765_10709,n01639765,imagenet/n01639765_10709.jpg
n01639765_10802,n01639765,imagenet/n01639765_10802.jpg
n01639765_10982,n01639765,imagenet/n01639765_10982.jpg
n01639765_11023,n01639765,imagenet/n01639765_11023.jpg
n01639765_11074,n01639765,imagenet/n01639765_11074.jpg
n01639765_11319,n01639765,imagenet/n01639765_11319.jpg
n01639765_11327,n01639765,imagenet/n01639765_11327.jpg
n01639765_11676,n01639765,imagenet/n01639765_11676.jpg
n01639765_1179,n01639765,imagenet/n01639765_1179.jpg
n01639765_1181,n01639765,imagenet/n01639765_1181.jpg
n01639765_12003,n01639765,imagenet/n01639765_12003.jpg
n01639765_12046,n01639765,imagenet/n01639765_12046.jpg
n01639765_12383,n01639765,imagenet/n01639765_12383.jpg
n01639765_12967,n01639765,imagenet/n01639765_12967.jpg
n01639765_13104,n01639765,imagenet/n01639765_13104.jpg
n01639765_13271,n01639765,imagenet/n01639765_13271.jpg
n01639765_13476,n01639765,imagenet/n01639765_13476.jpg
n01693334_10028,n01693334,imagenet/n01693334_10028.jpg
n01693334_10071,n01693334,imagenet/n01693334_10071.jpg
n01693334_1014,n01693334,imagenet/n01693334_1014.jpg
n01693334_10191,n01693334,imagenet/n01693334_10191.jpg
n01693334_10211,n01693334,imagenet/n01693334_10211.jpg
n01693334_10251,n01693334,imagenet/n01693334_10251.jpg
n01693334_10423,n01693334,imagenet/n01693334_10423.jpg
n01693334_10426,n01693334,imagenet/n01693334_10426.jpg
n01693334_10793,n01693334,imagenet/n01693334_10793.jpg
n01693334_10986,n01693334,imagenet/n01693334_10986.jpg
n01693334_1116,n01693334,imagenet/n01693334_1116.jpg
n01693334_11267,n01693334,imagenet/n01693334_11267.jpg
n01693334_11567,n01693334,imagenet/n01693334_11567.jpg
n01693334_11822,n01693334,imagenet/n01693334_11822.jpg
n01693334_11975,n01693334,imagenet/n01693334_11975.jpg
n01693334_12568,n01693334,imagenet/n01693334_12568.jpg
n01693334_12790,n01693334,imagenet/n01693334_12790.jpg
n01693334_1299,n01693334,imagenet/n01693334_1299.jpg
n01693334_13005,n01693334,imagenet/n01693334_13005.jpg
n01773549_4683,n01773549,imagenet/n01773549_4683.jpg
n01773549_4757,n01773549,imagenet/n01773549_4757.jpg
n01773549_4944,n01773549,imagenet/n01773549_4944.jpg
n01773549_4978,n01773549,imagenet/n01773549_4978.jpg
n01773549_4998,n01773549,imagenet/n01773549_4998.jpg
n01773549_5054,n01773549,imagenet/n01773549_5054.jpg
n01773549_5123,n01773549,imagenet/n01773549_5123.jpg
n01773549_5151,n01773549,imagenet/n01773549_5151.jpg
n01773549_5206,n01773549,imagenet/n01773549_5206.jpg
n01773549_5413,n01773549,imagenet/n01773549_5413.jpg
n01773549_5635,n01773549,imagenet/n01773549_5635.jpg
n01773549_5660,n01773549,imagenet/n01773549_5660.jpg
n01773549_5670,n01773549,imagenet/n01773549_5670.jpg
n01773549_5700,n01773549,imagenet/n01773549_5700.jpg
n01773549_5776,n01773549,imagenet/n01773549_5776.jpg
n01773549_5793,n01773549,imagenet/n01773549_5793.jpg
n01773549_5842,n01773549,imagenet/n01773549_5842.jpg
n01773549_5870,n01773549,imagenet/n01773549_5870.jpg
n01773549_5894,n01773549,imagenet/n01773549_5894.jpg
n01773549_5920,n01773549,imagenet/n01773549_5920.jpg
n01773549_5933,n01773549,imagenet/n01773549_5933.jpg
n01773549_5935,n01773549,imagenet/n01773549_5935.jpg
n01773549_6082,n01773549,imagenet/n01773549_6082.jpg
n01773549_6244,n01773549,imagenet/n01773549_6244.jpg
n01773549_6303,n01773549,imagenet/n01773549_6303.jpg
n01773797_5005,n01773797,imagenet/n01773797_5005.jpg
n01773797_5015,n01773797,imagenet/n01773797_5015.jpg
n01773797_5023,n01773797,imagenet/n01773797_5023.jpg
n01773797_5089,n01773797,imagenet/n01773797_5089.jpg
n01773797_5147,n01773797,imagenet/n01773797_5147.jpg
n01773797_5173,n01773797,imagenet/n01773797_5173.jpg
n01773797_5182,n01773797,imagenet/n01773797_5182.jpg
n01773797_5280,n01773797,imagenet/n01773797_5280.jpg
n01773797_5286,n01773797,imagenet/n01773797_5286.jpg
n01773797_5290,n01773797,imagenet/n01773797_5290.jpg
n01773797_5331,n01773797,imagenet/n01773797_5331.jpg
n01773797_5335,n01773797,imagenet/n01773797_5335.jpg
n01773797_5345,n01773797,imagenet/n01773797_5345.jpg
n01773797_5348,n01773797,imagenet/n01773797_5348.jpg
n01773797_5356,n01773797,imagenet/n01773797_5356.jpg
n01773797_5375,n01773797,imagenet/n01773797_5375.jpg
n01773797_5380,n01773797,imagenet/n01773797_5380.jpg
n01773797_5381,n01773797,imagenet/n01773797_5381.jpg
n01773797_5385,n01773797,imagenet/n01773797_5385.jpg
n01773797_5386,n01773797,imagenet/n01773797_5386.jpg
n01773797_5394,n01773797,imagenet/n01773797_5394.jpg
n01773797_5456,n01773797,imagenet/n01773797_5456.jpg
n01773797_5496,n01773797,imagenet/n01773797_5496.jpg
n01773797_5889,n01773797,imagenet/n01773797_5889.jpg
n01796340_10009,n01796340,imagenet/n01796340_10009.jpg
n01796340_10140,n01796340,imagenet/n01796340_10140.jpg
n01796340_1016,n01796340,imagenet/n01796340_1016.jpg
n01796340_10172,n01796340,imagenet/n01796340_10172.jpg
n01796340_10333,n01796340,imagenet/n01796340_10333.jpg
n01796340_10390,n01796340,imagenet/n01796340_10390.jpg
n01796340_10401,n01796340,imagenet/n01796340_10401.jpg
n01796340_10443,n01796340,imagenet/n01796340_10443.jpg
n01796340_11456,n01796340,imagenet/n01796340_11456.jpg
n01796340_11633,n01796340,imagenet/n01796340_11633.jpg
n01796340_11831,n01796340,imagenet/n01796340_11831.jpg
n01796340_12438,n01796340,imagenet/n01796340_12438.jpg
n01796340_12452,n01796340,imagenet/n01796340_12452.jpg
n01796340_13059,n01796340,imagenet/n01796340_13059.jpg
n01796340_1329,n01796340,imagenet/n01796340_1329.jpg
n01796340_13648,n01796340,imagenet/n01796340_13648.jpg
n01796340_14078,n01796340,imagenet/n01796340_14078.jpg
n01796340_14749,n01796340,imagenet/n01796340_14749.jpg
n01796340_14833,n01796340,imagenet/n01796340_14833.jpg
n01796340_15536,n01796340,imagenet/n01796340_15536.jpg
n01796340_158,n01796340,imagenet/n01796340_158.jpg
n01796340_16146,n01796340,imagenet/n01796340_16146.jpg
n01872401_1010,n01872401,imagenet/n01872401_1010.jpg
n01872401_10227,n01872401,imagenet/n01872401_10227.jpg
n01872401_10243,n01872401,imagenet/n01872401_10243.jpg
n01872401_10403,n01872401,imagenet/n01872401_10403.jpg
n01872401_10602,n01872401,imagenet/n01872401_10602.jpg
n01872401_10646,n01872401,imagenet/n01872401_10646.jpg
n01872401_1065,n01872401,imagenet/n01872401_1065.jpg
n01872401_10831,n01872401,imagenet/n01872401_10831.jpg
n01872401_10837,n01872401,imagenet/n01872401_10837.jpg
n01872401_1104,n01872401,imagenet/n01872401_1104.jpg
n01872401_11150,n01872401,imagenet/n01872401_11150.jpg
n01872401_1121,n01872401,imagenet/n01872401_1121.jpg
n01872401_11249,n01872401,imagenet/n01872401_11249.jpg
n01872401_11506,n01872401,imagenet/n01872401_11506.jpg
n01872401_11578,n01872401,imagenet/n01872401_11578.jpg
n01872401_11883,n01872401,imagenet/n01872401_11883.jpg
n01872401_12019,n01872401,imagenet/n01872401_12019.jpg
n01872401_12069,n01872401,imagenet/n01872401_12069.jpg
n01872401_12083,n01872401,imagenet/n01872401_12083.jpg
n01872401_12171,n01872401,imagenet/n01872401_12171.jpg
n01872401_12384,n01872401,imagenet/n01872401_12384.jpg
n01873310_102,n01873310,imagenet/n01873310_102.jpg
n01873310_10538,n01873310,imagenet/n01873310_10538.jpg
n01873310_10831,n01873310,imagenet/n01873310_10831.jpg
n01873310_10863,n01873310,imagenet/n01873310_10863.jpg
n01873310_1087,n01873310,imagenet/n01873310_1087.jpg
n01873310_11327,n01873310,imagenet/n01873310_11327.jpg
n01873310_11618,n01873310,imagenet/n01873310_11618.jpg
n01873310_12066,n01873310,imagenet/n01873310_12066.jpg
n01873310_12348,n01873310,imagenet/n01873310_12348.jpg
n01873310_12638,n01873310,imagenet/n01873310_12638.jpg
n01873310_12645,n01873310,imagenet/n01873310_12645.jpg
n01873310_12655,n01873310,imagenet/n01873310_12655.jpg
n01873310_12781,n01873310,imagenet/n01873310_12781.jpg
n01873310_13094,n01873310,imagenet/n01873310_13094.jpg
n01873310_13150,n01873310,imagenet/n01873310_13150.jpg
n01873310_13237,n01873310,imagenet/n01873310_13237.jpg
n01873310_13331,n01873310,imagenet/n01873310_13331.jpg
n01873310_13408,n01873310,imagenet/n01873310_13408.jpg
n01876326_1026,n01876326,imagenet/n01876326_1026.jpg
n01876326_1034,n01876326,imagenet/n01876326_1034.jpg
n01876326_1084,n01876326,imagenet/n01876326_1084.jpg
n01876326_1127,n01876326,imagenet/n01876326_1127.jpg
n01876326_1130,n01876326,imagenet/n01876326_1130.jpg
n01876326_114,n01876326,imagenet/n01876326_114.jpg
n01876326_1148,n01876326,imagenet/n01876326_1148.jpg
n01876326_1228,n01876326,imagenet/n01876326_1228.jpg
n01876326_1235,n01876326,imagenet/n01876326_1235.jpg
n01876326_1268,n01876326,imagenet/n01876326_1268.jpg
n01876326_1400,n01876326,imagenet/n01876326_1400.jpg
n01876326_1402,n01876326,imagenet/n01876326_1402.jpg
n01876326_141,n01876326,imagenet/n01876326_141.jpg
n01876326_1451,n01876326,imagenet/n01876326_1451.jpg
n01876326_1482,n01876326,imagenet/n01876326_1482.jpg
n01876326_1503,n01876326,imagenet/n01876326_1503.jpg
n01876326_1559,n01876326,imagenet/n01876326_1559.jpg
n01876326_1581,n01876326,imagenet/n01876326_1581.jpg
n01876326_1597,n01876326,imagenet/n01876326_1597.jpg
n01876326_1620,n01876326,imagenet/n01876326_1620.jpg
n01877134_10035,n01877134,imagenet/n01877134_10035.jpg
n01877134_10067,n01877134,imagenet/n01877134_10067.jpg
n01877134_10086,n01877134,imagenet/n01877134_10086.jpg
n01877134_10100,n01877134,imagenet/n01877134_10100.jpg
n01877134_10111,n01877134,imagenet/n01877134_10111.jpg
n01877134_10153,n01877134,imagenet/n01877134_10153.jpg
n01877134_10188,n01877134,imagenet/n01877134_10188.jpg
n01877134_10192,n01877134,imagenet/n01877134_10192.jpg
n01877134_10193,n01877134,imagenet/n01877134_10193.jpg
n01877134_10202,n01877134,imagenet/n01877134_10202.jpg
n01877134_10244,n01877134,imagenet/n01877134_10244.jpg
n01877134_10270,n01877134,imagenet/n01877134_10270.jpg
n01877134_10285,n01877134,imagenet/n01877134_10285.jpg
n01877134_10290,n01877134,imagenet/n01877134_10290.jpg
n01877134_10298,n01877134,imagenet/n01877134_10298.jpg
n01877134_10306,n01877134,imagenet/n01877134_10306.jpg
n01877134_10341,n01877134,imagenet/n01877134_10341.jpg
n01877134_10349,n01877134,imagenet/n01877134_10349.jpg
n01877134_10357,n01877134,imagenet/n01877134_10357.jpg
n01877134_10370,n01877134,imagenet/n01877134_10370.jpg
n01877134_10391,n01877134,imagenet/n01877134_10391.jpg
n01877134_10441,n01877134,imagenet/n01877134_10441.jpg
n01879217_1009,n01879217,imagenet/n01879217_1009.jpg
n01879217_1018,n01879217,imagenet/n01879217_1018.jpg
n01879217_1020,n01879217,imagenet/n01879217_1020.jpg
n01879217_1053,n01879217,imagenet/n01879217_1053.jpg
n01879217_1076,n01879217,imagenet/n01879217_1076.jpg
n01879217_1089,n01879217,imagenet/n01879217_1089.jpg
n01879217_1103,n01879217,imagenet/n01879217_1103.jpg
n01879217_111,n01879217,imagenet/n01879217_111.jpg
n01879217_1114,n01879217,imagenet/n01879217_1114.jpg
n01879217_1123,n01879217,imagenet/n01879217_1123.jpg
n01879217_1124,n01879217,imagenet/n01879217_1124.jpg
n01879217_1170,n01879217,imagenet/n01879217_1170.jpg
n01879217_1174,n01879217,imagenet/n01879217_1174.jpg
n01879217_1176,n01879217,imagenet/n01879217_1176.jpg
n01879217_118,n01879217,imagenet/n01879217_118.jpg
n01879217_1186,n01879217,imagenet/n01879217_1186.jpg
n01879217_1212,n01879217,imagenet/n01879217_1212.jpg
n01879217_122,n01879217,imagenet/n01879217_122.jpg
n01879217_1236,n01879217,imagenet/n01879217_1236.jpg
n01879217_1256,n01879217,imagenet/n01879217_1256.jpg
n01879217_1277,n01879217,imagenet/n01879217_1277.jpg
n01881171_10032,n01881171,imagenet/n01881171_10032.jpg
n01881171_10072,n01881171,imagenet/n01881171_10072.jpg
n01881171_10184,n01881171,imagenet/n01881171_10184.jpg
n01881171_10231,n01881171,imagenet/n01881171_10231.jpg
n01881171_10244,n01881171,imagenet/n01881171_10244.jpg
n01881171_10476,n01881171,imagenet/n01881171_10476.jpg
n01881171_10520,n01881171,imagenet/n01881171_10520.jpg
n01881171_10636,n01881171,imagenet/n01881171_10636.jpg
n01881171_10902,n01881171,imagenet/n01881171_10902.jpg
n01881171_10964,n01881171,imagenet/n01881171_10964.jpg
n01881171_11212,n01881171,imagenet/n01881171_11212.jpg
n01881171_11321,n01881171,imagenet/n01881171_11321.jpg
n01881171_11439,n01881171,imagenet/n01881171_11439.jpg
n01881171_11468,n01881171,imagenet/n01881171_11468.jpg
n01881171_11497,n01881171,imagenet/n01881171_11497.jpg
n01881171_11510,n01881171,imagenet/n01881171_11510.jpg
n01881171_11570,n01881171,imagenet/n01881171_11570.jpg
n01881171_11605,n01881171,imagenet/n01881171_11605.jpg
n01881171_11634,n01881171,imagenet/n01881171_11634.jpg
n01881171_11708,n01881171,imagenet/n01881171_11708.jpg
n01881171_11780,n01881171,imagenet/n01881171_11780.jpg
n01881564_1144,n01881564,imagenet/n01881564_1144.jpg
n01881564_1160,n01881564,imagenet/n01881564_1160.jpg
n01881564_119,n01881564,imagenet/n01881564_119.jpg
n01881564_1438,n01881564,imagenet/n01881564_1438.jpg
n01881564_1560,n01881564,imagenet/n01881564_1560.jpg
n01881564_2007,n01881564,imagenet/n01881564_2007.jpg
n01881564_2043,n01881564,imagenet/n01881564_2043.jpg
n01882714_10099,n01882714,imagenet/n01882714_10099.jpg
n01882714_1023,n01882714,imagenet/n01882714_1023.jpg
n01882714_10331,n01882714,imagenet/n01882714_10331.jpg
n01882714_10375,n01882714,imagenet/n01882714_10375.jpg
n01882714_10475,n01882714,imagenet/n01882714_10475.jpg
n01882714_10817,n01882714,imagenet/n01882714_10817.jpg
n01882714_10824,n01882714,imagenet/n01882714_10824.jpg
n01882714_11043,n01882714,imagenet/n01882714_11043.jpg
n01882714_11208,n01882714,imagenet/n01882714_11208.jpg
n01882714_11394,n01882714,imagenet/n01882714_11394.jpg
n01882714_11706,n01882714,imagenet/n01882714_11706.jpg
n01882714_11853,n01882714,imagenet/n01882714_11853.jpg
n01882714_12415,n01882714,imagenet/n01882714_12415.jpg
n01882714_12691,n01882714,imagenet/n01882714_12691.jpg
n01882714_12773,n01882714,imagenet/n01882714_12773.jpg
n01882714_12907,n01882714,imagenet/n01882714_12907.jpg
n01882714_12995,n01882714,imagenet/n01882714_12995.jpg
n01882714_1309,n01882714,imagenet/n01882714_1309.jpg
n01882714_13381,n01882714,imagenet/n01882714_13381.jpg
n01882714_13386,n01882714,imagenet/n01882714_13386.jpg
n01882714_1346,n01882714,imagenet/n01882714_1346.jpg
n01882714_13721,n01882714,imagenet/n01882714_13721.jpg
n01882714_13790,n01882714,imagenet/n01882714_13790.jpg
n01883070_1060,n01883070,imagenet/n01883070_1060.jpg
n01883070_1177,n01883070,imagenet/n01883070_1177.jpg
n01883070_1203,n01883070,imagenet/n01883070_1203.jpg
n01883070_1319,n01883070,imagenet/n01883070_1319.jpg
n01883070_1384,n01883070,imagenet/n01883070_1384.jpg
n01883070_1390,n01883070,imagenet/n01883070_1390.jpg
n01883070_1588,n01883070,imagenet/n01883070_1588.jpg
n01883070_166,n01883070,imagenet/n01883070_166.jpg
n01883070_1689,n01883070,imagenet/n01883070_1689.jpg
n01883070_1706,n01883070,imagenet/n01883070_1706.jpg
n01883070_1721,n01883070,imagenet/n01883070_1721.jpg
n01883070_1834,n01883070,imagenet/n01883070_1834.jpg
n01883070_1848,n01883070,imagenet/n01883070_1848.jpg
n01883070_1871,n01883070,imagenet/n01883070_1871.jpg
n01883070_1891,n01883070,imagenet/n01883070_1891.jpg
n01883070_1909,n01883070,imagenet/n01883070_1909.jpg
n01883070_1942,n01883070,imagenet/n01883070_1942.jpg
n01883070_208,n01883070,imagenet/n01883070_208.jpg
n01884476_1003,n01884476,imagenet/n01884476_1003.jpg
n01884476_10108,n01884476,imagenet/n01884476_10108.jpg
n01884476_10159,n01884476,imagenet/n01884476_10159.jpg
n01884476_10161,n01884476,imagenet/n01884476_10161.jpg
n01884476_1019,n01884476,imagenet/n01884476_1019.jpg
n01884476_10275,n01884476,imagenet/n01884476_10275.jpg
n01884476_10299,n01884476,imagenet/n01884476_10299.jpg
n01884476_10518,n01884476,imagenet/n01884476_10518.jpg
n01884476_10630,n01884476,imagenet/n01884476_10630.jpg
n01884476_10880,n01884476,imagenet/n01884476_10880.jpg
n01884476_1120,n01884476,imagenet/n01884476_1120.jpg
n01884476_2328,n01884476,imagenet/n01884476_2328.jpg
n01884476_243,n01884476,imagenet/n01884476_243.jpg
n01884476_269,n01884476,imagenet/n01884476_269.jpg
n01884476_2709,n01884476,imagenet/n01884476_2709.jpg
n01884476_2800,n01884476,imagenet/n01884476_2800.jpg
n01885498_10012,n01885498,imagenet/n01885498_10012.jpg
n01885498_10032,n01885498,imagenet/n01885498_10032.jpg
n01885498_10078,n01885498,imagenet/n01885498_10078.jpg
n01885498_10114,n01885498,imagenet/n01885498_10114.jpg
n01885498_10157,n01885498,imagenet/n01885498_10157.jpg
n01885498_10266,n01885498,imagenet/n01885498_10266.jpg
n01885498_10292,n01885498,imagenet/n01885498_10292.jpg
n01885498_10296,n01885498,imagenet/n01885498_10296.jpg
n01885498_10345,n01885498,imagenet/n01885498_10345.jpg
n01885498_10366,n01885498,imagenet/n01885498_10366.jpg
n01885498_10378,n01885498,imagenet/n01885498_10378.jpg
n01885498_10419,n01885498,imagenet/n01885498_10419.jpg
n01885498_10496,n01885498,imagenet/n01885498_10496.jpg
n01885498_10498,n01885498,imagenet/n01885498_10498.jpg
n01885498_10500,n01885498,imagenet/n01885498_10500.jpg
n01885498_10505,n01885498,imagenet/n01885498_10505.jpg
n01885498_10512,n01885498,imagenet/n01885498_10512.jpg
n01885498_10519,n01885498,imagenet/n01885498_10519.jpg
n01885498_10528,n01885498,imagenet/n01885498_10528.jpg
n01885498_10566,n01885498,imagenet/n01885498_10566.jpg
n01885498_10583,n01885498,imagenet/n01885498_10583.jpg
n01885498_10603,n01885498,imagenet/n01885498_10603.jpg
n01885498_10749,n01885498,imagenet/n01885498_10749.jpg
n01885498_10768,n01885498,imagenet/n01885498_10768.jpg
n01885498_10781,n01885498,imagenet/n01885498_10781.jpg
n01887474_10062,n01887474,imagenet/n01887474_10062.jpg
n01887474_10081,n01887474,imagenet/n01887474_10081.jpg
n01887474_10111,n01887474,imagenet/n01887474_10111.jpg
n01887474_10147,n01887474,imagenet/n01887474_10147.jpg
n01887474_10162,n01887474,imagenet/n01887474_10162.jpg
n01887474_10174,n01887474,imagenet/n01887474_10174.jpg
n01887474_10218,n01887474,imagenet/n01887474_10218.jpg
n01887474_10238,n01887474,imagenet/n01887474_10238.jpg
n01887474_10256,n01887474,imagenet/n01887474_10256.jpg
n01887474_1028,n01887474,imagenet/n01887474_1028.jpg
n01887474_10294,n01887474,imagenet/n01887474_10294.jpg
n01887474_10306,n01887474,imagenet/n01887474_10306.jpg
n01887474_10312,n01887474,imagenet/n01887474_10312.jpg
n01887474_10325,n01887474,imagenet/n01887474_10325.jpg
n01887474_10360,n01887474,imagenet/n01887474_10360.jpg
n01887474_10362,n01887474,imagenet/n01887474_10362.jpg
n01887474_10366,n01887474,imagenet/n01887474_10366.jpg
n01887474_1039,n01887474,imagenet/n01887474_1039.jpg
n01887474_10397,n01887474,imagenet/n01887474_10397.jpg
n01887787_1,n01887787,imagenet/n01887787_1.jpg
n01887787_10005,n01887787,imagenet/n01887787_10005.jpg
n01887787_10008,n01887787,imagenet/n01887787_10008.jpg
n01887787_10011,n01887787,imagenet/n01887787_10011.jpg
n01887787_10059,n01887787,imagenet/n01887787_10059.jpg
n01887787_10447,n01887787,imagenet/n01887787_10447.jpg
n01887787_10469,n01887787,imagenet/n01887787_10469.jpg
n01887787_10713,n01887787,imagenet/n01887787_10713.jpg
n01887787_10763,n01887787,imagenet/n01887787_10763.jpg
n01887787_10796,n01887787,imagenet/n01887787_10796.jpg
n01887787_11242,n01887787,imagenet/n01887787_11242.jpg
n01887787_11263,n01887787,imagenet/n01887787_11263.jpg
n01887787_11304,n01887787,imagenet/n01887787_11304.jpg
n01887787_11418,n01887787,imagenet/n01887787_11418.jpg
n01887787_11678,n01887787,imagenet/n01887787_11678.jpg
n01887787_11762,n01887787,imagenet/n01887787_11762.jpg
n01887787_1177,n01887787,imagenet/n01887787_1177.jpg
n01887787_11930,n01887787,imagenet/n01887787_11930.jpg
n01887787_11946,n01887787,imagenet/n01887787_11946.jpg
n01887787_11995,n01887787,imagenet/n01887787_11995.jpg
n01889074_1069,n01889074,imagenet/n01889074_1069.jpg
n01889074_1537,n01889074,imagenet/n01889074_1537.jpg
n01889074_1554,n01889074,imagenet/n01889074_1554.jpg
n01889074_1578,n01889074,imagenet/n01889074_1578.jpg
n01889074_1659,n01889074,imagenet/n01889074_1659.jpg
n01889074_2041,n01889074,imagenet/n01889074_2041.jpg
n01889074_2121,n01889074,imagenet/n01889074_2121.jpg
n01889074_2128,n01889074,imagenet/n01889074_2128.jpg
n01889074_2272,n01889074,imagenet/n01889074_2272.jpg
n01889074_2356,n01889074,imagenet/n01889074_2356.jpg
n01889074_2564,n01889074,imagenet/n01889074_2564.jpg
n01889074_2607,n01889074,imagenet/n01889074_2607.jpg
n02064000_1425,n02064000,imagenet/n02064000_1425.jpg
n02064000_1852,n02064000,imagenet/n02064000_1852.jpg
n02064000_1889,n02064000,imagenet/n02064000_1889.jpg
n02064000_1986,n02064000,imagenet/n02064000_1986.jpg
n02064000_227,n02064000,imagenet/n02064000_227.jpg
n02064000_2477,n02064000,imagenet/n02064000_2477.jpg
n02064000_2820,n02064000,imagenet/n02064000_2820.jpg
n02064000_2935,n02064000,imagenet/n02064000_2935.jpg
n02064000_3071,n02064000,imagenet/n02064000_3071.jpg
n02064000_3136,n02064000,imagenet/n02064000_3136.jpg
n02064000_3267,n02064000,imagenet/n02064000_3267.jpg
n02064000_3492,n02064000,imagenet/n02064000_3492.jpg
n02064338_10186,n02064338,imagenet/n02064338_10186.jpg
n02064338_10386,n02064338,imagenet/n02064338_10386.jpg
n02064338_10582,n02064338,imagenet/n02064338_10582.jpg
n02064338_10875,n02064338,imagenet/n02064338_10875.jpg
n02064338_11205,n02064338,imagenet/n02064338_11205.jpg
n02064338_11404,n02064338,imagenet/n02064338_11404.jpg
n02064338_11524,n02064338,imagenet/n02064338_11524.jpg
n02064338_11932,n02064338,imagenet/n02064338_11932.jpg
n02064338_12264,n02064338,imagenet/n02064338_12264.jpg
n02064338_1240,n02064338,imagenet/n02064338_1240.jpg
n02064338_12512,n02064338,imagenet/n02064338_12512.jpg
n02064338_12607,n02064338,imagenet/n02064338_12607.jpg
n02064338_13036,n02064338,imagenet/n02064338_13036.jpg
n02064338_1305,n02064338,imagenet/n02064338_1305.jpg
n02064338_13210,n02064338,imagenet/n02064338_13210.jpg
n02064338_13396,n02064338,imagenet/n02064338_13396.jpg
n02064338_13475,n02064338,imagenet/n02064338_13475.jpg
n02064338_13548,n02064338,imagenet/n02064338_13548.jpg
n02070430_11710,n02070430,imagenet/n02070430_11710.jpg
n02070430_11725,n02070430,imagenet/n02070430_11725.jpg
n02070430_11746,n02070430,imagenet/n02070430_11746.jpg
n02070430_11774,n02070430,imagenet/n02070430_11774.jpg
n02070430_11800,n02070430,imagenet/n02070430_11800.jpg
n02070430_11825,n02070430,imagenet/n02070430_11825.jpg
n02070430_11834,n02070430,imagenet/n02070430_11834.jpg
n02070430_12047,n02070430,imagenet/n02070430_12047.jpg
n02070430_12099,n02070430,imagenet/n02070430_12099.jpg
n02070430_12151,n02070430,imagenet/n02070430_12151.jpg
n02070430_12326,n02070430,imagenet/n02070430_12326.jpg
n02070430_12534,n02070430,imagenet/n02070430_12534.jpg
n02070430_12550,n02070430,imagenet/n02070430_12550.jpg
n02070430_12559,n02070430,imagenet/n02070430_12559.jpg
n02070430_12670,n02070430,imagenet/n02070430_12670.jpg
n02071294_18421,n02071294,imagenet/n02071294_18421.jpg
n02071294_18625,n02071294,imagenet/n02071294_18625.jpg
n02071294_19107,n02071294,imagenet/n02071294_19107.jpg
n02071294_1918,n02071294,imagenet/n02071294_1918.jpg
n02071294_19877,n02071294,imagenet/n02071294_19877.jpg
n02071294_2035,n02071294,imagenet/n02071294_2035.jpg
n02071294_20355,n02071294,imagenet/n02071294_20355.jpg
n02071294_2150,n02071294,imagenet/n02071294_2150.jpg
n02071294_21983,n02071294,imagenet/n02071294_21983.jpg
n02071294_22537,n02071294,imagenet/n02071294_22537.jpg
n02071294_22566,n02071294,imagenet/n02071294_22566.jpg
n02071294_23280,n02071294,imagenet/n02071294_23280.jpg
n02071294_23553,n02071294,imagenet/n02071294_23553.jpg
n02071294_24318,n02071294,imagenet/n02071294_24318.jpg
n02071294_24422,n02071294,imagenet/n02071294_24422.jpg
n02071294_25563,n02071294,imagenet/n02071294_25563.jpg
n02071294_2585,n02071294,imagenet/n02071294_2585.jpg
n02071294_26248,n02071294,imagenet/n02071294_26248.jpg
n02072493_1051,n02072493,imagenet/n02072493_1051.jpg
n02072493_10524,n02072493,imagenet/n02072493_10524.jpg
n02072493_11210,n02072493,imagenet/n02072493_11210.jpg
n02072493_11223,n02072493,imagenet/n02072493_11223.jpg
n02072493_1145,n02072493,imagenet/n02072493_1145.jpg
n02072493_1529,n02072493,imagenet/n02072493_1529.jpg
n02072493_1698,n02072493,imagenet/n02072493_1698.jpg
n02072493_191,n02072493,imagenet/n02072493_191.jpg
n02072493_1947,n02072493,imagenet/n02072493_1947.jpg
n02072493_1959,n02072493,imagenet/n02072493_1959.jpg
n02072493_2014,n02072493,imagenet/n02072493_2014.jpg
n02072493_2364,n02072493,imagenet/n02072493_2364.jpg
n02072493_261,n02072493,imagenet/n02072493_261.jpg
n02073831_10009,n02073831,imagenet/n02073831_10009.jpg
n02073831_10023,n02073831,imagenet/n02073831_10023.jpg
n02073831_10109,n02073831,imagenet/n02073831_10109.jpg
n02073831_10336,n02073831,imagenet/n02073831_10336.jpg
n02073831_10621,n02073831,imagenet/n02073831_10621.jpg
n02073831_10623,n02073831,imagenet/n02073831_10623.jpg
n02073831_10687,n02073831,imagenet/n02073831_10687.jpg
n02073831_10737,n02073831,imagenet/n02073831_10737.jpg
n02073831_10757,n02073831,imagenet/n02073831_10757.jpg
n02073831_10916,n02073831,imagenet/n02073831_10916.jpg
n02073831_10938,n02073831,imagenet/n02073831_10938.jpg
n02073831_10942,n02073831,imagenet/n02073831_10942.jpg
n02073831_1097,n02073831,imagenet/n02073831_1097.jpg
n02073831_11237,n02073831,imagenet/n02073831_11237.jpg
n02073831_11389,n02073831,imagenet/n02073831_11389.jpg
n02073831_11413,n02073831,imagenet/n02073831_11413.jpg
n02073831_11523,n02073831,imagenet/n02073831_11523.jpg
n02073831_11546,n02073831,imagenet/n02073831_11546.jpg
n02073831_11602,n02073831,imagenet/n02073831_11602.jpg
n02074367_100,n02074367,imagenet/n02074367_100.jpg
n02074367_1004,n02074367,imagenet/n02074367_1004.jpg
n02074367_1016,n02074367,imagenet/n02074367_1016.jpg
n02074367_1058,n02074367,imagenet/n02074367_1058.jpg
n02074367_111,n02074367,imagenet/n02074367_111.jpg
n02074367_1125,n02074367,imagenet/n02074367_1125.jpg
n02074367_1140,n02074367,imagenet/n02074367_1140.jpg
n02074367_1211,n02074367,imagenet/n02074367_1211.jpg
n02074367_1270,n02074367,imagenet/n02074367_1270.jpg
n02074367_1313,n02074367,imagenet/n02074367_1313.jpg
n02074367_1369,n02074367,imagenet/n02074367_1369.jpg
n02074367_1663,n02074367,imagenet/n02074367_1663.jpg
n02074367_1694,n02074367,imagenet/n02074367_1694.jpg
n02074367_1724,n02074367,imagenet/n02074367_1724.jpg
n02074367_1756,n02074367,imagenet/n02074367_1756.jpg
n02074367_1778,n02074367,imagenet/n02074367_1778.jpg
n02074367_1785,n02074367,imagenet/n02074367_1785.jpg
n02074367_186,n02074367,imagenet/n02074367_186.jpg
n02074367_1866,n02074367,imagenet/n02074367_1866.jpg
n02074367_1876,n02074367,imagenet/n02074367_1876.jpg
n02075296_10162,n02075296,imagenet/n02075296_10162.jpg
n02075296_10254,n02075296,imagenet/n02075296_10254.jpg
n02075296_10277,n02075296,imagenet/n02075296_10277.jpg
n02075296_10303,n02075296,imagenet/n02075296_10303.jpg
n02075296_10308,n02075296,imagenet/n02075296_10308.jpg
n02075296_10433,n02075296,imagenet/n02075296_10433.jpg
n02075296_10659,n02075296,imagenet/n02075296_10659.jpg
n02075296_10767,n02075296,imagenet/n02075296_10767.jpg
n02075296_10825,n02075296,imagenet/n02075296_10825.jpg
n02075296_10858,n02075296,imagenet/n02075296_10858.jpg
n02075296_10922,n02075296,imagenet/n02075296_10922.jpg
n02075296_10980,n02075296,imagenet/n02075296_10980.jpg
n02075296_11031,n02075296,imagenet/n02075296_11031.jpg
n02075296_11043,n02075296,imagenet/n02075296_11043.jpg
n02075296_11064,n02075296,imagenet/n02075296_11064.jpg
n02075296_11130,n02075296,imagenet/n02075296_11130.jpg
n02075296_11267,n02075296,imagenet/n02075296_11267.jpg
n02075296_11278,n02075296,imagenet/n02075296_11278.jpg
n02075296_11382,n02075296,imagenet/n02075296_11382.jpg
n02075296_11387,n02075296,imagenet/n02075296_11387.jpg
n02082791_10190,n02082791,imagenet/n02082791_10190.jpg
n02082791_10644,n02082791,imagenet/n02082791_10644.jpg
n02082791_10715,n02082791,imagenet/n02082791_10715.jpg
n02082791_10774,n02082791,imagenet/n02082791_10774.jpg
n02082791_10861,n02082791,imagenet/n02082791_10861.jpg
n02082791_11124,n02082791,imagenet/n02082791_11124.jpg
n02082791_11296,n02082791,imagenet/n02082791_11296.jpg
n02082791_11434,n02082791,imagenet/n02082791_11434.jpg
n02082791_11763,n02082791,imagenet/n02082791_11763.jpg
n02082791_11769,n02082791,imagenet/n02082791_11769.jpg
n02082791_11772,n02082791,imagenet/n02082791_11772.jpg
n02082791_12005,n02082791,imagenet/n02082791_12005.jpg
n02082791_12015,n02082791,imagenet/n02082791_12015.jpg
n02082791_12366,n02082791,imagenet/n02082791_12366.jpg
n02082791_12422,n02082791,imagenet/n02082791_12422.jpg
n02082791_12616,n02082791,imagenet/n02082791_12616.jpg
n02082791_12658,n02082791,imagenet/n02082791_12658.jpg
n02082791_12664,n02082791,imagenet/n02082791_12664.jpg
n02082791_12938,n02082791,imagenet/n02082791_12938.jpg
n02082791_13194,n02082791,imagenet/n02082791_13194.jpg
n02082791_13417,n02082791,imagenet/n02082791_13417.jpg
n02082791_1350,n02082791,imagenet/n02082791_1350.jpg
n02082791_13578,n02082791,imagenet/n02082791_13578.jpg
n02082791_13679,n02082791,imagenet/n02082791_13679.jpg
n02082791_13794,n02082791,imagenet/n02082791_13794.jpg
n02084861_10941,n02084861,imagenet/n02084861_10941.jpg
n02084861_11149,n02084861,imagenet/n02084861_11149.jpg
n02084861_11333,n02084861,imagenet/n02084861_11333.jpg
n02084861_11628,n02084861,imagenet/n02084861_11628.jpg
n02084861_11963,n02084861,imagenet/n02084861_11963.jpg
n02084861_12096,n02084861,imagenet/n02084861_12096.jpg
n02084861_12128,n02084861,imagenet/n02084861_12128.jpg
n02084861_12161,n02084861,imagenet/n02084861_12161.jpg
n02084861_12170,n02084861,imagenet/n02084861_12170.jpg
n02084861_12778,n02084861,imagenet/n02084861_12778.jpg
n02084861_12820,n02084861,imagenet/n02084861_12820.jpg
n02084861_12914,n02084861,imagenet/n02084861_12914.jpg
n02084861_12955,n02084861,imagenet/n02084861_12955.jpg
n02084861_13163,n02084861,imagenet/n02084861_13163.jpg
n02084861_13798,n02084861,imagenet/n02084861_13798.jpg
n02084861_14176,n02084861,imagenet/n02084861_14176.jpg
n02084861_14178,n02084861,imagenet/n02084861_14178.jpg
n02087314_1038,n02087314,imagenet/n02087314_1038.jpg
n02087314_1182,n02087314,imagenet/n02087314_1182.jpg
n02087314_1253,n02087314,imagenet/n02087314_1253.jpg
n02087314_1263,n02087314,imagenet/n02087314_1263.jpg
n02087314_1276,n02087314,imagenet/n02087314_1276.jpg
n02087314_1278,n02087314,imagenet/n02087314_1278.jpg
n02087314_1345,n02087314,imagenet/n02087314_1345.jpg
n02087314_1407,n02087314,imagenet/n02087314_1407.jpg
n02087314_1539,n02087314,imagenet/n02087314_1539.jpg
n02087314_1551,n02087314,imagenet/n02087314_1551.jpg
n02087551_10155,n02087551,imagenet/n02087551_10155.jpg
n02087551_10215,n02087551,imagenet/n02087551_10215.jpg
n02087551_10227,n02087551,imagenet/n02087551_10227.jpg
n02087551_10238,n02087551,imagenet/n02087551_10238.jpg
n02087551_10307,n02087551,imagenet/n02087551_10307.jpg
n02087551_10328,n02087551,imagenet/n02087551_10328.jpg
n02087551_10436,n02087551,imagenet/n02087551_10436.jpg
n02087551_10443,n02087551,imagenet/n02087551_10443.jpg
n02087551_10444,n02087551,imagenet/n02087551_10444.jpg
n02087551_10529,n02087551,imagenet/n02087551_10529.jpg
n02087551_10592,n02087551,imagenet/n02087551_10592.jpg
n02087551_10630,n02087551,imagenet/n02087551_10630.jpg
n02087551_10674,n02087551,imagenet/n02087551_10674.jpg
n02087551_10734,n02087551,imagenet/n02087551_10734.jpg
n02087551_10812,n02087551,imagenet/n02087551_10812.jpg
n02087551_10844,n02087551,imagenet/n02087551_10844.jpg
n02087551_10881,n02087551,imagenet/n02087551_10881.jpg
n02087551_10913,n02087551,imagenet/n02087551_10913.jpg
n02087551_10982,n02087551,imagenet/n02087551_10982.jpg
n02087551_1101,n02087551,imagenet/n02087551_1101.jpg
n02088238_10003,n02088238,imagenet/n02088238_10003.jpg
n02088238_10005,n02088238,imagenet/n02088238_10005.jpg
n02088238_10013,n02088238,imagenet/n02088238_10013.jpg
n02088238_10049,n02088238,imagenet/n02088238_10049.jpg
n02088238_10051,n02088238,imagenet/n02088238_10051.jpg
n02088238_10054,n02088238,imagenet/n02088238_10054.jpg
n02088238_10063,n02088238,imagenet/n02088238_10063.jpg
n02088238_10072,n02088238,imagenet/n02088238_10072.jpg
n02088238_10095,n02088238,imagenet/n02088238_10095.jpg
n02088238_10102,n02088238,imagenet/n02088238_10102.jpg
n02088238_10110,n02088238,imagenet/n02088238_10110.jpg
n02088238_10113,n02088238,imagenet/n02088238_10113.jpg
n02088238_10129,n02088238,imagenet/n02088238_10129.jpg
n02088238_10133,n02088238,imagenet/n02088238_10133.jpg
n02088238_10135,n02088238,imagenet/n02088238_10135.jpg
n02088238_10142,n02088238,imagenet/n02088238_10142.jpg
n02088238_10183,n02088238,imagenet/n02088238_10183.jpg
n02088238_10235,n02088238,imagenet/n02088238_10235.jpg
n02088238_10245,n02088238,imagenet/n02088238_10245.jpg
n02088238_10332,n02088238,imagenet/n02088238_10332.jpg
n02088238_10338,n02088238,imagenet/n02088238_10338.jpg
n02088364_10001,n02088364,imagenet/n02088364_10001.jpg
n02088364_10091,n02088364,imagenet/n02088364_10091.jpg
n02088364_10108,n02088364,imagenet/n02088364_10108.jpg
n02088364_10206,n02088364,imagenet/n02088364_10206.jpg
n02088364_10220,n02088364,imagenet/n02088364_10220.jpg
n02088364_10281,n02088364,imagenet/n02088364_10281.jpg
n02088364_10296,n02088364,imagenet/n02088364_10296.jpg
n02088364_10354,n02088364,imagenet/n02088364_10354.jpg
n02088364_10368,n02088364,imagenet/n02088364_10368.jpg
n02088364_10404,n02088364,imagenet/n02088364_10404.jpg
n02088364_10575,n02088364,imagenet/n02088364_10575.jpg
n02088364_10585,n02088364,imagenet/n02088364_10585.jpg
n02088364_10798,n02088364,imagenet/n02088364_10798.jpg
n02088364_10947,n02088364,imagenet/n02088364_10947.jpg
n02088364_11040,n02088364,imagenet/n02088364_11040.jpg
n02088364_11105,n02088364,imagenet/n02088364_11105.jpg
n02088364_11130,n02088364,imagenet/n02088364_11130.jpg
n02088364_11136,n02088364,imagenet/n02088364_11136.jpg
n02088364_11147,n02088364,imagenet/n02088364_11147.jpg
n02088364_11231,n02088364,imagenet/n02088364_11231.jpg
n02088364_1128,n02088364,imagenet/n02088364_1128.jpg
n02088466_10083,n02088466,imagenet/n02088466_10083.jpg
n02088466_10330,n02088466,imagenet/n02088466_10330.jpg
n02088466_10491,n02088466,imagenet/n02088466_10491.jpg
n02088466_10506,n02088466,imagenet/n02088466_10506.jpg
n02088466_10545,n02088466,imagenet/n02088466_10545.jpg
n02088466_10626,n02088466,imagenet/n02088466_10626.jpg
n02088466_10683,n02088466,imagenet/n02088466_10683.jpg
n02088466_10724,n02088466,imagenet/n02088466_10724.jpg
n02088466_10757,n02088466,imagenet/n02088466_10757.jpg
n02088466_10773,n02088466,imagenet/n02088466_10773.jpg
n02088466_10827,n02088466,imagenet/n02088466_10827.jpg
n02088466_10831,n02088466,imagenet/n02088466_10831.jpg
n02088466_10904,n02088466,imagenet/n02088466_10904.jpg
n02088466_11086,n02088466,imagenet/n02088466_11086.jpg
n02088466_11248,n02088466,imagenet/n02088466_11248.jpg
n02088466_11398,n02088466,imagenet/n02088466_11398.jpg
n02088466_11623,n02088466,imagenet/n02088466_11623.jpg
n02088632_1073,n02088632,imagenet/n02088632_1073.jpg
n02088632_109,n02088632,imagenet/n02088632_109.jpg
n02088632_1118,n02088632,imagenet/n02088632_1118.jpg
n02088632_1173,n02088632,imagenet/n02088632_1173.jpg
n02088632_1176,n02088632,imagenet/n02088632_1176.jpg
n02088632_1206,n02088632,imagenet/n02088632_1206.jpg
n02088632_1209,n02088632,imagenet/n02088632_1209.jpg
n02088632_1219,n02088632,imagenet/n02088632_1219.jpg
n02088632_1236,n02088632,imagenet/n02088632_1236.jpg
n02088632_1274,n02088632,imagenet/n02088632_1274.jpg
n02088632_1277,n02088632,imagenet/n02088632_1277.jpg
n02088632_1312,n02088632,imagenet/n02088632_1312.jpg
n02088632_1321,n02088632,imagenet/n02088632_1321.jpg
n02088632_1354,n02088632,imagenet/n02088632_1354.jpg
n02088632_1376,n02088632,imagenet/n02088632_1376.jpg
n02088839_1058,n02088839,imagenet/n02088839_1058.jpg
n02088839_1093,n02088839,imagenet/n02088839_1093.jpg
n02088839_1120,n02088839,imagenet/n02088839_1120.jpg
n02088839_1168,n02088839,imagenet/n02088839_1168.jpg
n02088839_1177,n02088839,imagenet/n02088839_1177.jpg
n02088839_137,n02088839,imagenet/n02088839_137.jpg
n02088839_15,n02088839,imagenet/n02088839_15.jpg
n02088839_1530,n02088839,imagenet/n02088839_1530.jpg
n02088839_1532,n02088839,imagenet/n02088839_1532.jpg
n02088839_1542,n02088839,imagenet/n02088839_1542.jpg
n02088839_1594,n02088839,imagenet/n02088839_1594.jpg
n02088839_1661,n02088839,imagenet/n02088839_1661.jpg
n02088839_1697,n02088839,imagenet/n02088839_1697.jpg
n02088839_1749,n02088839,imagenet/n02088839_1749.jpg
n02088839_1851,n02088839,imagenet/n02088839_1851.jpg
n02088839_1902,n02088839,imagenet/n02088839_1902.jpg
n02088839_2115,n02088839,imagenet/n02088839_2115.jpg
n02088839_217,n02088839,imagenet/n02088839_217.jpg
n02088839_218,n02088839,imagenet/n02088839_218.jpg
n02088839_2187,n02088839,imagenet/n02088839_2187.jpg
n02089232_10102,n02089232,imagenet/n02089232_10102.jpg
n02089232_10594,n02089232,imagenet/n02089232_10594.jpg
n02089232_11597,n02089232,imagenet/n02089232_11597.jpg
n02089232_11882,n02089232,imagenet/n02089232_11882.jpg
n02089232_11906,n02089232,imagenet/n02089232_11906.jpg
n02089232_11940,n02089232,imagenet/n02089232_11940.jpg
n02089232_11997,n02089232,imagenet/n02089232_11997.jpg
n02089232_12027,n02089232,imagenet/n02089232_12027.jpg
n02089232_12034,n02089232,imagenet/n02089232_12034.jpg
n02089232_12038,n02089232,imagenet/n02089232_12038.jpg
n02089232_12066,n02089232,imagenet/n02089232_12066.jpg
n02089232_12121,n02089232,imagenet/n02089232_12121.jpg
n02089232_12139,n02089232,imagenet/n02089232_12139.jpg
n02089232_12156,n02089232,imagenet/n02089232_12156.jpg
n02089232_12207,n02089232,imagenet/n02089232_12207.jpg
n02089232_12223,n02089232,imagenet/n02089232_12223.jpg
n02089232_12256,n02089232,imagenet/n02089232_12256.jpg
n02089232_12266,n02089232,imagenet/n02089232_12266.jpg
n02089555_104,n02089555,imagenet/n02089555_104.jpg
n02089555_1387,n02089555,imagenet/n02089555_1387.jpg
n02089555_1506,n02089555,imagenet/n02089555_1506.jpg
n02089555_1708,n02089555,imagenet/n02089555_1708.jpg
n02089555_1809,n02089555,imagenet/n02089555_1809.jpg
n02089555_1913,n02089555,imagenet/n02089555_1913.jpg
n02089555_1937,n02089555,imagenet/n02089555_1937.jpg
n02089555_2154,n02089555,imagenet/n02089555_2154.jpg
n02089555_2225,n02089555,imagenet/n02089555_2225.jpg
n02089555_2250,n02089555,imagenet/n02089555_2250.jpg
n02089555_2270,n02089555,imagenet/n02089555_2270.jpg
n02089555_2925,n02089555,imagenet/n02089555_2925.jpg
n02090379_1006,n02090379,imagenet/n02090379_1006.jpg
n02090379_1118,n02090379,imagenet/n02090379_1118.jpg
n02090379_1199,n02090379,imagenet/n02090379_1199.jpg
n02090379_1212,n02090379,imagenet/n02090379_1212.jpg
n02090379_1260,n02090379,imagenet/n02090379_1260.jpg
n02090379_1272,n02090379,imagenet/n02090379_1272.jpg
n02090379_1292,n02090379,imagenet/n02090379_1292.jpg
n02090379_1301,n02090379,imagenet/n02090379_1301.jpg
n02090379_1302,n02090379,imagenet/n02090379_1302.jpg
n02090379_1340,n02090379,imagenet/n02090379_1340.jpg
n02090379_1345,n02090379,imagenet/n02090379_1345.jpg
n02090379_1346,n02090379,imagenet/n02090379_1346.jpg
n02090379_1348,n02090379,imagenet/n02090379_1348.jpg
n02090379_1359,n02090379,imagenet/n02090379_1359.jpg
n02090379_1360,n02090379,imagenet/n02090379_1360.jpg
n02090379_1379,n02090379,imagenet/n02090379_1379.jpg
n02090379_1382,n02090379,imagenet/n02090379_1382.jpg
n02090379_1383,n02090379,imagenet/n02090379_1383.jpg
n02090379_1401,n02090379,imagenet/n02090379_1401.jpg
n02090379_1414,n02090379,imagenet/n02090379_1414.jpg
n02090379_1438,n02090379,imagenet/n02090379_1438.jpg
n02090379_1448,n02090379,imagenet/n02090379_1448.jpg
n02090475_10047,n02090475,imagenet/n02090475_10047.jpg
n02090475_10063,n02090475,imagenet/n02090475_10063.jpg
n02090475_10066,n02090475,imagenet/n02090475_10066.jpg
n02090475_10242,n02090475,imagenet/n02090475_10242.jpg
n02090475_10251,n02090475,imagenet/n02090475_10251.jpg
n02090475_10321,n02090475,imagenet/n02090475_10321.jpg
n02090475_10487,n02090475,imagenet/n02090475_10487.jpg
n02090475_10556,n02090475,imagenet/n02090475_10556.jpg
n02090475_10639,n02090475,imagenet/n02090475_10639.jpg
n02090475_10712,n02090475,imagenet/n02090475_10712.jpg
n02090475_10780,n02090475,imagenet/n02090475_10780.jpg
n02090475_10803,n02090475,imagenet/n02090475_10803.jpg
n02090475_11049,n02090475,imagenet/n02090475_11049.jpg
n02090475_11095,n02090475,imagenet/n02090475_11095.jpg
n02090475_11168,n02090475,imagenet/n02090475_11168.jpg
n02090475_11280,n02090475,imagenet/n02090475_11280.jpg
n02090475_11319,n02090475,imagenet/n02090475_11319.jpg
n02090475_11484,n02090475,imagenet/n02090475_11484.jpg
n02090475_11496,n02090475,imagenet/n02090475_11496.jpg
n02090827_10084,n02090827,imagenet/n02090827_10084.jpg
n02090827_10100,n02090827,imagenet/n02090827_10100.jpg
n02090827_10171,n02090827,imagenet/n02090827_10171.jpg
n02090827_10250,n02090827,imagenet/n02090827_10250.jpg
n02090827_1030,n02090827,imagenet/n02090827_1030.jpg
n02090827_10406,n02090827,imagenet/n02090827_10406.jpg
n02090827_10468,n02090827,imagenet/n02090827_10468.jpg
n02090827_10484,n02090827,imagenet/n02090827_10484.jpg
n02090827_10563,n02090827,imagenet/n02090827_10563.jpg
n02090827_10641,n02090827,imagenet/n02090827_10641.jpg
n02090827_10738,n02090827,imagenet/n02090827_10738.jpg
n02090827_10778,n02090827,imagenet/n02090827_10778.jpg
n02090827_10995,n02090827,imagenet/n02090827_10995.jpg
n02090827_1111,n02090827,imagenet/n02090827_1111.jpg
n02090827_11125,n02090827,imagenet/n02090827_11125.jpg
n02090827_11238,n02090827,imagenet/n02090827_11238.jpg
n02090827_11254,n02090827,imagenet/n02090827_11254.jpg
n02090827_11420,n02090827,imagenet/n02090827_11420.jpg
n02090827_11431,n02090827,imagenet/n02090827_11431.jpg
n02090827_11465,n02090827,imagenet/n02090827_11465.jpg
n02090827_11499,n02090827,imagenet/n02090827_11499.jpg
n02091134_10242,n02091134,imagenet/n02091134_10242.jpg
n02091134_10395,n02091134,imagenet/n02091134_10395.jpg
n02091134_10521,n02091134,imagenet/n02091134_10521.jpg
n02091134_10548,n02091134,imagenet/n02091134_10548.jpg
n02091134_10618,n02091134,imagenet/n02091134_10618.jpg
n02091134_10699,n02091134,imagenet/n02091134_10699.jpg
n02091134_1129,n02091134,imagenet/n02091134_1129.jpg
n02091134_11765,n02091134,imagenet/n02091134_11765.jpg
n02091134_11775,n02091134,imagenet/n02091134_11775.jpg
n02091134_11875,n02091134,imagenet/n02091134_11875.jpg
n02091134_11956,n02091134,imagenet/n02091134_11956.jpg
n02091134_12017,n02091134,imagenet/n02091134_12017.jpg
n02091134_12023,n02091134,imagenet/n02091134_12023.jpg
n02091134_12029,n02091134,imagenet/n02091134_12029.jpg
n02091134_12051,n02091134,imagenet/n02091134_12051.jpg
n02091134_12103,n02091134,imagenet/n02091134_12103.jpg
n02091134_12132,n02091134,imagenet/n02091134_12132.jpg
n02091134_12138,n02091134,imagenet/n02091134_12138.jpg
n02091134_12142,n02091134,imagenet/n02091134_12142.jpg
n02091134_12318,n02091134,imagenet/n02091134_12318.jpg
n02091134_12358,n02091134,imagenet/n02091134_12358.jpg
n02091635_1234,n02091635,imagenet/n02091635_1234.jpg
n02091635_1266,n02091635,imagenet/n02091635_1266.jpg
n02091635_1302,n02091635,imagenet/n02091635_1302.jpg
n02091635_1311,n02091635,imagenet/n02091635_1311.jpg
n02091635_134,n02091635,imagenet/n02091635_134.jpg
n02091635_1384,n02091635,imagenet/n02091635_1384.jpg
n02091635_1396,n02091635,imagenet/n02091635_1396.jpg
n02091635_1569,n02091635,imagenet/n02091635_1569.jpg
n02091635_1590,n02091635,imagenet/n02091635_1590.jpg
n02091635_1606,n02091635,imagenet/n02091635_1606.jpg
n02091635_1621,n02091635,imagenet/n02091635_1621.jpg
n02091635_1706,n02091635,imagenet/n02091635_1706.jpg
n02092002_10160,n02092002,imagenet/n02092002_10160.jpg
n02092002_10190,n02092002,imagenet/n02092002_10190.jpg
n02092002_10500,n02092002,imagenet/n02092002_10500.jpg
n02092002_10567,n02092002,imagenet/n02092002_10567.jpg
n02092002_10657,n02092002,imagenet/n02092002_10657.jpg
n02092002_10693,n02092002,imagenet/n02092002_10693.jpg
n02092002_10699,n02092002,imagenet/n02092002_10699.jpg
n02092002_10846,n02092002,imagenet/n02092002_10846.jpg
n02092002_11105,n02092002,imagenet/n02092002_11105.jpg
n02092002_11111,n02092002,imagenet/n02092002_11111.jpg
n02092002_11124,n02092002,imagenet/n02092002_11124.jpg
n02092002_11131,n02092002,imagenet/n02092002_11131.jpg
n02092002_1130,n02092002,imagenet/n02092002_1130.jpg
n02092002_11304,n02092002,imagenet/n02092002_11304.jpg
n02092002_11313,n02092002,imagenet/n02092002_11313.jpg
n02092002_11339,n02092002,imagenet/n02092002_11339.jpg
n02092002_11461,n02092002,imagenet/n02092002_11461.jpg
n02092002_1147,n02092002,imagenet/n02092002_1147.jpg
n02092002_1156,n02092002,imagenet/n02092002_1156.jpg
n02092002_1170,n02092002,imagenet/n02092002_1170.jpg
n02092002_120,n02092002,imagenet/n02092002_120.jpg
n02092173_10,n02092173,imagenet/n02092173_10.jpg
n02092173_1204,n02092173,imagenet/n02092173_1204.jpg
n02092173_1339,n02092173,imagenet/n02092173_1339.jpg
n02092173_1410,n02092173,imagenet/n02092173_1410.jpg
n02092173_1420,n02092173,imagenet/n02092173_1420.jpg
n02092173_1472,n02092173,imagenet/n02092173_1472.jpg
n02092173_1527,n02092173,imagenet/n02092173_1527.jpg
n02092173_1543,n02092173,imagenet/n02092173_1543.jpg
n02092173_1549,n02092173,imagenet/n02092173_1549.jpg
n02092173_1567,n02092173,imagenet/n02092173_1567.jpg
n02092173_1690,n02092173,imagenet/n02092173_1690.jpg
n02092468_10026,n02092468,imagenet/n02092468_10026.jpg
n02092468_1008,n02092468,imagenet/n02092468_1008.jpg
n02092468_10138,n02092468,imagenet/n02092468_10138.jpg
n02092468_10139,n02092468,imagenet/n02092468_10139.jpg
n02092468_10206,n02092468,imagenet/n02092468_10206.jpg
n02092468_10212,n02092468,imagenet/n02092468_10212.jpg
n02092468_10223,n02092468,imagenet/n02092468_10223.jpg
n02092468_10319,n02092468,imagenet/n02092468_10319.jpg
n02092468_10352,n02092468,imagenet/n02092468_10352.jpg
n02092468_10375,n02092468,imagenet/n02092468_10375.jpg
n02092468_10470,n02092468,imagenet/n02092468_10470.jpg
n02092468_10513,n02092468,imagenet/n02092468_10513.jpg
n02092468_10525,n02092468,imagenet/n02092468_10525.jpg
n02092468_10547,n02092468,imagenet/n02092468_10547.jpg
n02092468_10724,n02092468,imagenet/n02092468_10724.jpg
n02092468_10774,n02092468,imagenet/n02092468_10774.jpg
n02092468_10896,n02092468,imagenet/n02092468_10896.jpg
n02092468_10991,n02092468,imagenet/n02092468_10991.jpg
n02092468_11091,n02092468,imagenet/n02092468_11091.jpg
n02092468_1116,n02092468,imagenet/n02092468_1116.jpg
n02092468_11364,n02092468,imagenet/n02092468_11364.jpg
n02093056_1012,n02093056,imagenet/n02093056_1012.jpg
n02093056_10128,n02093056,imagenet/n02093056_10128.jpg
n02093056_10620,n02093056,imagenet/n02093056_10620.jpg
n02093056_1067,n02093056,imagenet/n02093056_1067.jpg
n02093056_11097,n02093056,imagenet/n02093056_11097.jpg
n02093056_1139,n02093056,imagenet/n02093056_1139.jpg
n02093056_11821,n02093056,imagenet/n02093056_11821.jpg
n02093056_1218,n02093056,imagenet/n02093056_1218.jpg
n02093056_1240,n02093056,imagenet/n02093056_1240.jpg
n02093056_1273,n02093056,imagenet/n02093056_1273.jpg
n02093056_12798,n02093056,imagenet/n02093056_12798.jpg
n02093056_12833,n02093056,imagenet/n02093056_12833.jpg
n02093056_12944,n02093056,imagenet/n02093056_12944.jpg
n02093056_13043,n02093056,imagenet/n02093056_13043.jpg
n02093056_14153,n02093056,imagenet/n02093056_14153.jpg
n02093056_1436,n02093056,imagenet/n02093056_1436.jpg
n02093056_1467,n02093056,imagenet/n02093056_1467.jpg
n02093056_1469,n02093056,imagenet/n02093056_1469.jpg
n02095412_1345,n02095412,imagenet/n02095412_1345.jpg
n02095412_2130,n02095412,imagenet/n02095412_2130.jpg
n02095412_237,n02095412,imagenet/n02095412_237.jpg
n02095412_2741,n02095412,imagenet/n02095412_2741.jpg
n02095412_287,n02095412,imagenet/n02095412_287.jpg
n02095412_2992,n02095412,imagenet/n02095412_2992.jpg
n02096294_1007,n02096294,imagenet/n02096294_1007.jpg
n02096294_1111,n02096294,imagenet/n02096294_1111.jpg
n02096294_1133,n02096294,imagenet/n02096294_1133.jpg
n02096294_1147,n02096294,imagenet/n02096294_1147.jpg
n02096294_1176,n02096294,imagenet/n02096294_1176.jpg
n02096294_1211,n02096294,imagenet/n02096294_1211.jpg
n02096294_1299,n02096294,imagenet/n02096294_1299.jpg
n02096294_1315,n02096294,imagenet/n02096294_1315.jpg
n02096294_1386,n02096294,imagenet/n02096294_1386.jpg
n02096294_1394,n02096294,imagenet/n02096294_1394.jpg
n02096294_1415,n02096294,imagenet/n02096294_1415.jpg
n02096294_1470,n02096294,imagenet/n02096294_1470.jpg
n02096294_1536,n02096294,imagenet/n02096294_1536.jpg
n02096294_1654,n02096294,imagenet/n02096294_1654.jpg
n02096294_1859,n02096294,imagenet/n02096294_1859.jpg
n02096756_10001,n02096756,imagenet/n02096756_10001.jpg
n02096756_10020,n02096756,imagenet/n02096756_10020.jpg
n02096756_10063,n02096756,imagenet/n02096756_10063.jpg
n02096756_10105,n02096756,imagenet/n02096756_10105.jpg
n02096756_10160,n02096756,imagenet/n02096756_10160.jpg
n02096756_10171,n02096756,imagenet/n02096756_10171.jpg
n02096756_10172,n02096756,imagenet/n02096756_10172.jpg
n02096756_10453,n02096756,imagenet/n02096756_10453.jpg
n02096756_1079,n02096756,imagenet/n02096756_1079.jpg
n02096756_10806,n02096756,imagenet/n02096756_10806.jpg
n02096756_10817,n02096756,imagenet/n02096756_10817.jpg
n02096756_10841,n02096756,imagenet/n02096756_10841.jpg
n02096756_11209,n02096756,imagenet/n02096756_11209.jpg
n02096756_11601,n02096756,imagenet/n02096756_11601.jpg
n02096756_11695,n02096756,imagenet/n02096756_11695.jpg
n02096756_11704,n02096756,imagenet/n02096756_11704.jpg
n02096756_11739,n02096756,imagenet/n02096756_11739.jpg
n02096756_11742,n02096756,imagenet/n02096756_11742.jpg
n02096756_11846,n02096756,imagenet/n02096756_11846.jpg
n02096756_1186,n02096756,imagenet/n02096756_1186.jpg
n02096756_11875,n02096756,imagenet/n02096756_11875.jpg
n02096756_11898,n02096756,imagenet/n02096756_11898.jpg
n02099029_10056,n02099029,imagenet/n02099029_10056.jpg
n02099029_10132,n02099029,imagenet/n02099029_10132.jpg
n02099029_10173,n02099029,imagenet/n02099029_10173.jpg
n02099029_10214,n02099029,imagenet/n02099029_10214.jpg
n02099029_10238,n02099029,imagenet/n02099029_10238.jpg
n02099029_10280,n02099029,imagenet/n02099029_10280.jpg
n02099029_10295,n02099029,imagenet/n02099029_10295.jpg
n02099029_10297,n02099029,imagenet/n02099029_10297.jpg
n02099029_10310,n02099029,imagenet/n02099029_10310.jpg
n02099029_10333,n02099029,imagenet/n02099029_10333.jpg
n02099029_10386,n02099029,imagenet/n02099029_10386.jpg
n02099029_10425,n02099029,imagenet/n02099029_10425.jpg
n02099029_10450,n02099029,imagenet/n02099029_10450.jpg
n02099029_10538,n02099029,imagenet/n02099029_10538.jpg
n02099029_10576,n02099029,imagenet/n02099029_10576.jpg
n02099029_10670,n02099029,imagenet/n02099029_10670.jpg
n02099029_10674,n02099029,imagenet/n02099029_10674.jpg
n02099029_10692,n02099029,imagenet/n02099029_10692.jpg
n02099029_10718,n02099029,imagenet/n02099029_10718.jpg
n02099029_10940,n02099029,imagenet/n02099029_10940.jpg
n02100583_10128,n02100583,imagenet/n02100583_10128.jpg
n02100583_10183,n02100583,imagenet/n02100583_10183.jpg
n02100583_10219,n02100583,imagenet/n02100583_10219.jpg
n02100583_10249,n02100583,imagenet/n02100583_10249.jpg
n02100583_10328,n02100583,imagenet/n02100583_10328.jpg
n02100583_10367,n02100583,imagenet/n02100583_10367.jpg
n02100583_10378,n02100583,imagenet/n02100583_10378.jpg
n02100583_10388,n02100583,imagenet/n02100583_10388.jpg
n02100583_10425,n02100583,imagenet/n02100583_10425.jpg
n02100583_10433,n02100583,imagenet/n02100583_10433.jpg
n02100583_10458,n02100583,imagenet/n02100583_10458.jpg
n02100583_10505,n02100583,imagenet/n02100583_10505.jpg
n02100583_106,n02100583,imagenet/n02100583_106.jpg
n02100583_10712,n02100583,imagenet/n02100583_10712.jpg
n02100583_10723,n02100583,imagenet/n02100583_10723.jpg
n02100583_10726,n02100583,imagenet/n02100583_10726.jpg
n02100583_10783,n02100583,imagenet/n02100583_10783.jpg
n02100583_10787,n02100583,imagenet/n02100583_10787.jpg
n02100583_10844,n02100583,imagenet/n02100583_10844.jpg
n02100583_10880,n02100583,imagenet/n02100583_10880.jpg
n02100735_10021,n02100735,imagenet/n02100735_10021.jpg
n02100735_10030,n02100735,imagenet/n02100735_10030.jpg
n02100735_10031,n02100735,imagenet/n02100735_10031.jpg
n02100735_10067,n02100735,imagenet/n02100735_10067.jpg
n02100735_10086,n02100735,imagenet/n02100735_10086.jpg
n02100735_10090,n02100735,imagenet/n02100735_10090.jpg
n02100735_10095,n02100735,imagenet/n02100735_10095.jpg
n02100735_10097,n02100735,imagenet/n02100735_10097.jpg
n02100735_10133,n02100735,imagenet/n02100735_10133.jpg
n02100735_10139,n02100735,imagenet/n02100735_10139.jpg
n02100735_10144,n02100735,imagenet/n02100735_10144.jpg
n02100735_10147,n02100735,imagenet/n02100735_10147.jpg
n02100735_10149,n02100735,imagenet/n02100735_10149.jpg
n02100735_10188,n02100735,imagenet/n02100735_10188.jpg
n02100735_10201,n02100735,imagenet/n02100735_10201.jpg
n02100735_10237,n02100735,imagenet/n02100735_10237.jpg
n02100735_10256,n02100735,imagenet/n02100735_10256.jpg
n02100735_10274,n02100735,imagenet/n02100735_10274.jpg
n02100735_10297,n02100735,imagenet/n02100735_10297.jpg
n02100735_10303,n02100735,imagenet/n02100735_10303.jpg
n02101108_1002,n02101108,imagenet/n02101108_1002.jpg
n02101108_10422,n02101108,imagenet/n02101108_10422.jpg
n02101108_10707,n02101108,imagenet/n02101108_10707.jpg
n02101108_11072,n02101108,imagenet/n02101108_11072.jpg
n02101108_1115,n02101108,imagenet/n02101108_1115.jpg
n02101108_11170,n02101108,imagenet/n02101108_11170.jpg
n02101108_11350,n02101108,imagenet/n02101108_11350.jpg
n02101108_11410,n02101108,imagenet/n02101108_11410.jpg
n02101108_11644,n02101108,imagenet/n02101108_11644.jpg
n02101108_11661,n02101108,imagenet/n02101108_11661.jpg
n02101108_11664,n02101108,imagenet/n02101108_11664.jpg
n02101108_11823,n02101108,imagenet/n02101108_11823.jpg
n02101108_12014,n02101108,imagenet/n02101108_12014.jpg
n02101108_12024,n02101108,imagenet/n02101108_12024.jpg
n02101108_1205,n02101108,imagenet/n02101108_1205.jpg
n02101108_12062,n02101108,imagenet/n02101108_12062.jpg
n02101108_12121,n02101108,imagenet/n02101108_12121.jpg
n02101108_12124,n02101108,imagenet/n02101108_12124.jpg
n02101108_12141,n02101108,imagenet/n02101108_12141.jpg
n02101108_12158,n02101108,imagenet/n02101108_12158.jpg
n02101556_1018,n02101556,imagenet/n02101556_1018.jpg
n02101556_1270,n02101556,imagenet/n02101556_1270.jpg
n02101556_1277,n02101556,imagenet/n02101556_1277.jpg
n02101556_1628,n02101556,imagenet/n02101556_1628.jpg
n02101556_1658,n02101556,imagenet/n02101556_1658.jpg
n02101556_1665,n02101556,imagenet/n02101556_1665.jpg
n02101556_1745,n02101556,imagenet/n02101556_1745.jpg
n02101556_1764,n02101556,imagenet/n02101556_1764.jpg
n02101556_1819,n02101556,imagenet/n02101556_1819.jpg
n02101556_1857,n02101556,imagenet/n02101556_1857.jpg
n02101556_1883,n02101556,imagenet/n02101556_1883.jpg
n02101556_1951,n02101556,imagenet/n02101556_1951.jpg
n02101556_1952,n02101556,imagenet/n02101556_1952.jpg
n02101556_1991,n02101556,imagenet/n02101556_1991.jpg
n02101556_2002,n02101556,imagenet/n02101556_2002.jpg
n02101556_2003,n02101556,imagenet/n02101556_2003.jpg
n02101556_201,n02101556,imagenet/n02101556_201.jpg
n02102480_101,n02102480,imagenet/n02102480_101.jpg
n02102480_1043,n02102480,imagenet/n02102480_1043.jpg
n02102480_1046,n02102480,imagenet/n02102480_1046.jpg
n02102480_1184,n02102480,imagenet/n02102480_1184.jpg
n02102480_1342,n02102480,imagenet/n02102480_1342.jpg
n02102480_1525,n02102480,imagenet/n02102480_1525.jpg
n02102480_1534,n02102480,imagenet/n02102480_1534.jpg
n02102480_1546,n02102480,imagenet/n02102480_1546.jpg
n02102480_1558,n02102480,imagenet/n02102480_1558.jpg
n02102480_1595,n02102480,imagenet/n02102480_1595.jpg
n02102480_1620,n02102480,imagenet/n02102480_1620.jpg
n02102480_180,n02102480,imagenet/n02102480_180.jpg
n02102480_1810,n02102480,imagenet/n02102480_1810.jpg
n02102480_1838,n02102480,imagenet/n02102480_1838.jpg
n02104029_1051,n02104029,imagenet/n02104029_1051.jpg
n02104029_1075,n02104029,imagenet/n02104029_1075.jpg
n02104029_110,n02104029,imagenet/n02104029_110.jpg
n02104029_1107,n02104029,imagenet/n02104029_1107.jpg
n02104029_1138,n02104029,imagenet/n02104029_1138.jpg
n02104029_1150,n02104029,imagenet/n02104029_1150.jpg
n02104029_1161,n02104029,imagenet/n02104029_1161.jpg
n02104029_1180,n02104029,imagenet/n02104029_1180.jpg
n02104029_1206,n02104029,imagenet/n02104029_1206.jpg
n02104029_1214,n02104029,imagenet/n02104029_1214.jpg
n02104029_1218,n02104029,imagenet/n02104029_1218.jpg
n02104029_122,n02104029,imagenet/n02104029_122.jpg
n02104029_1253,n02104029,imagenet/n02104029_1253.jpg
n02104029_1268,n02104029,imagenet/n02104029_1268.jpg
n02104029_1278,n02104029,imagenet/n02104029_1278.jpg
n02104029_1287,n02104029,imagenet/n02104029_1287.jpg
n02104029_1289,n02104029,imagenet/n02104029_1289.jpg
n02104029_1313,n02104029,imagenet/n02104029_1313.jpg
n02104029_133,n02104029,imagenet/n02104029_133.jpg
n02104029_1356,n02104029,imagenet/n02104029_1356.jpg
n02104029_1369,n02104029,imagenet/n02104029_1369.jpg
n02104365_10071,n02104365,imagenet/n02104365_10071.jpg
n02104365_10139,n02104365,imagenet/n02104365_10139.jpg
n02104365_10216,n02104365,imagenet/n02104365_10216.jpg
n02104365_10252,n02104365,imagenet/n02104365_10252.jpg
n02104365_10282,n02104365,imagenet/n02104365_10282.jpg
n02104365_10287,n02104365,imagenet/n02104365_10287.jpg
n02104365_10393,n02104365,imagenet/n02104365_10393.jpg
n02104365_10399,n02104365,imagenet/n02104365_10399.jpg
n02104365_10598,n02104365,imagenet/n02104365_10598.jpg
n02104365_10606,n02104365,imagenet/n02104365_10606.jpg
n02104365_10634,n02104365,imagenet/n02104365_10634.jpg
n02104365_10676,n02104365,imagenet/n02104365_10676.jpg
n02104365_10810,n02104365,imagenet/n02104365_10810.jpg
n02104365_1104,n02104365,imagenet/n02104365_1104.jpg
n02104365_1166,n02104365,imagenet/n02104365_1166.jpg
n02104365_1258,n02104365,imagenet/n02104365_1258.jpg
n02104365_1282,n02104365,imagenet/n02104365_1282.jpg
n02104365_1292,n02104365,imagenet/n02104365_1292.jpg
n02104365_1325,n02104365,imagenet/n02104365_1325.jpg
n02104365_1377,n02104365,imagenet/n02104365_1377.jpg
n02104365_1755,n02104365,imagenet/n02104365_1755.jpg
n02104365_1822,n02104365,imagenet/n02104365_1822.jpg
n02105056_1018,n02105056,imagenet/n02105056_1018.jpg
n02105056_1050,n02105056,imagenet/n02105056_1050.jpg
n02105056_1061,n02105056,imagenet/n02105056_1061.jpg
n02105056_1067,n02105056,imagenet/n02105056_1067.jpg
n02105056_1165,n02105056,imagenet/n02105056_1165.jpg
n02105056_1294,n02105056,imagenet/n02105056_1294.jpg
n02105056_1413,n02105056,imagenet/n02105056_1413.jpg
n02105056_143,n02105056,imagenet/n02105056_143.jpg
n02105056_187,n02105056,imagenet/n02105056_187.jpg
n02105056_2036,n02105056,imagenet/n02105056_2036.jpg
n02105056_2108,n02105056,imagenet/n02105056_2108.jpg
n02105056_2195,n02105056,imagenet/n02105056_2195.jpg
n02105056_2200,n02105056,imagenet/n02105056_2200.jpg
n02105056_2236,n02105056,imagenet/n02105056_2236.jpg
n02105056_2308,n02105056,imagenet/n02105056_2308.jpg
n02105056_2390,n02105056,imagenet/n02105056_2390.jpg
n02105162_10076,n02105162,imagenet/n02105162_10076.jpg
n02105162_10133,n02105162,imagenet/n02105162_10133.jpg
n02105162_10260,n02105162,imagenet/n02105162_10260.jpg
n02105162_10309,n02105162,imagenet/n02105162_10309.jpg
n02105162_10351,n02105162,imagenet/n02105162_10351.jpg
n02105162_10375,n02105162,imagenet/n02105162_10375.jpg
n02105162_10424,n02105162,imagenet/n02105162_10424.jpg
n02105162_10488,n02105162,imagenet/n02105162_10488.jpg
n02105162_10640,n02105162,imagenet/n02105162_10640.jpg
n02105162_10697,n02105162,imagenet/n02105162_10697.jpg
n02105162_10847,n02105162,imagenet/n02105162_10847.jpg
n02105162_1357,n02105162,imagenet/n02105162_1357.jpg
n02105162_1366,n02105162,imagenet/n02105162_1366.jpg
n02105162_1378,n02105162,imagenet/n02105162_1378.jpg
n02105162_154,n02105162,imagenet/n02105162_154.jpg
n02105162_1572,n02105162,imagenet/n02105162_1572.jpg
n02105162_1809,n02105162,imagenet/n02105162_1809.jpg
n02105162_1997,n02105162,imagenet/n02105162_1997.jpg
n02105162_2073,n02105162,imagenet/n02105162_2073.jpg
n02105162_2079,n02105162,imagenet/n02105162_2079.jpg
n02105162_2093,n02105162,imagenet/n02105162_2093.jpg
n02105251_1000,n02105251,imagenet/n02105251_1000.jpg
n02105251_1091,n02105251,imagenet/n02105251_1091.jpg
n02105251_1168,n02105251,imagenet/n02105251_1168.jpg
n02105251_12,n02105251,imagenet/n02105251_12.jpg
n02105251_1201,n02105251,imagenet/n02105251_1201.jpg
n02105251_1240,n02105251,imagenet/n02105251_1240.jpg
n02105251_1261,n02105251,imagenet/n02105251_1261.jpg
n02105251_1377,n02105251,imagenet/n02105251_1377.jpg
n02105251_1382,n02105251,imagenet/n02105251_1382.jpg
n02105251_1543,n02105251,imagenet/n02105251_1543.jpg
n02105251_1588,n02105251,imagenet/n02105251_1588.jpg
n02105251_1725,n02105251,imagenet/n02105251_1725.jpg
n02105251_1838,n02105251,imagenet/n02105251_1838.jpg
n02105251_224,n02105251,imagenet/n02105251_224.jpg
n02105251_2244,n02105251,imagenet/n02105251_2244.jpg
n02105251_2317,n02105251,imagenet/n02105251_2317.jpg
n02105251_2406,n02105251,imagenet/n02105251_2406.jpg
n02105251_2439,n02105251,imagenet/n02105251_2439.jpg
n02105251_2480,n02105251,imagenet/n02105251_2480.jpg
n02105251_252,n02105251,imagenet/n02105251_252.jpg
n02105505_1077,n02105505,imagenet/n02105505_1077.jpg
n02105505_1090,n02105505,imagenet/n02105505_1090.jpg
n02105505_1145,n02105505,imagenet/n02105505_1145.jpg
n02105505_1148,n02105505,imagenet/n02105505_1148.jpg
n02105505_1159,n02105505,imagenet/n02105505_1159.jpg
n02105505_1191,n02105505,imagenet/n02105505_1191.jpg
n02105505_1239,n02105505,imagenet/n02105505_1239.jpg
n02105505_1293,n02105505,imagenet/n02105505_1293.jpg
n02105505_1312,n02105505,imagenet/n02105505_1312.jpg
n02105505_1383,n02105505,imagenet/n02105505_1383.jpg
n02105505_150,n02105505,imagenet/n02105505_150.jpg
n02105505_1541,n02105505,imagenet/n02105505_1541.jpg
n02105505_160,n02105505,imagenet/n02105505_160.jpg
n02105505_1619,n02105505,imagenet/n02105505_1619.jpg
n02105505_183,n02105505,imagenet/n02105505_183.jpg
n02105505_1866,n02105505,imagenet/n02105505_1866.jpg
n02105505_191,n02105505,imagenet/n02105505_191.jpg
n02106030_10021,n02106030,imagenet/n02106030_10021.jpg
n02106030_10057,n02106030,imagenet/n02106030_10057.jpg
n02106030_10071,n02106030,imagenet/n02106030_10071.jpg
n02106030_10170,n02106030,imagenet/n02106030_10170.jpg
n02106030_10650,n02106030,imagenet/n02106030_10650.jpg
n02106030_10660,n02106030,imagenet/n02106030_10660.jpg
n02106030_10672,n02106030,imagenet/n02106030_10672.jpg
n02106030_10675,n02106030,imagenet/n02106030_10675.jpg
n02106030_10877,n02106030,imagenet/n02106030_10877.jpg
n02106030_10965,n02106030,imagenet/n02106030_10965.jpg
n02106030_11024,n02106030,imagenet/n02106030_11024.jpg
n02106030_11148,n02106030,imagenet/n02106030_11148.jpg
n02106030_11446,n02106030,imagenet/n02106030_11446.jpg
n02106030_12714,n02106030,imagenet/n02106030_12714.jpg
n02106030_12851,n02106030,imagenet/n02106030_12851.jpg
n02106030_13020,n02106030,imagenet/n02106030_13020.jpg
n02106030_13429,n02106030,imagenet/n02106030_13429.jpg
n02106030_1344,n02106030,imagenet/n02106030_1344.jpg
n02106966_10096,n02106966,imagenet/n02106966_10096.jpg
n02106966_10099,n02106966,imagenet/n02106966_10099.jpg
n02106966_10103,n02106966,imagenet/n02106966_10103.jpg
n02106966_10107,n02106966,imagenet/n02106966_10107.jpg
n02106966_10126,n02106966,imagenet/n02106966_10126.jpg
n02106966_10141,n02106966,imagenet/n02106966_10141.jpg
n02106966_10171,n02106966,imagenet/n02106966_10171.jpg
n02106966_10215,n02106966,imagenet/n02106966_10215.jpg
n02106966_10233,n02106966,imagenet/n02106966_10233.jpg
n02106966_10288,n02106966,imagenet/n02106966_10288.jpg
n02106966_10335,n02106966,imagenet/n02106966_10335.jpg
n02106966_10346,n02106966,imagenet/n02106966_10346.jpg
n02106966_10352,n02106966,imagenet/n02106966_10352.jpg
n02106966_10377,n02106966,imagenet/n02106966_10377.jpg
n02106966_10406,n02106966,imagenet/n02106966_10406.jpg
n02106966_10427,n02106966,imagenet/n02106966_10427.jpg
n02108254_10027,n02108254,imagenet/n02108254_10027.jpg
n02108254_10037,n02108254,imagenet/n02108254_10037.jpg
n02108254_10043,n02108254,imagenet/n02108254_10043.jpg
n02108254_10060,n02108254,imagenet/n02108254_10060.jpg
n02108254_10063,n02108254,imagenet/n02108254_10063.jpg
n02108254_10073,n02108254,imagenet/n02108254_10073.jpg
n02108254_10074,n02108254,imagenet/n02108254_10074.jpg
n02108254_10102,n02108254,imagenet/n02108254_10102.jpg
n02108254_10148,n02108254,imagenet/n02108254_10148.jpg
n02108254_10152,n02108254,imagenet/n02108254_10152.jpg
n02108254_10194,n02108254,imagenet/n02108254_10194.jpg
n02108254_10225,n02108254,imagenet/n02108254_10225.jpg
n02108254_10307,n02108254,imagenet/n02108254_10307.jpg
n02108254_10321,n02108254,imagenet/n02108254_10321.jpg
n02108254_10342,n02108254,imagenet/n02108254_10342.jpg
n02108254_10358,n02108254,imagenet/n02108254_10358.jpg
n02108254_10359,n02108254,imagenet/n02108254_10359.jpg
n02108672_10307,n02108672,imagenet/n02108672_10307.jpg
n02108672_1036,n02108672,imagenet/n02108672_1036.jpg
n02108672_10556,n02108672,imagenet/n02108672_10556.jpg
n02108672_1068,n02108672,imagenet/n02108672_1068.jpg
n02108672_10954,n02108672,imagenet/n02108672_10954.jpg
n02108672_11362,n02108672,imagenet/n02108672_11362.jpg
n02108672_11440,n02108672,imagenet/n02108672_11440.jpg
n02108672_11710,n02108672,imagenet/n02108672_11710.jpg
n02108672_11748,n02108672,imagenet/n02108672_11748.jpg
n02108672_12145,n02108672,imagenet/n02108672_12145.jpg
n02108672_12164,n02108672,imagenet/n02108672_12164.jpg
n02108672_12166,n02108672,imagenet/n02108672_12166.jpg
n02108672_12785,n02108672,imagenet/n02108672_12785.jpg
n02108672_1281,n02108672,imagenet/n02108672_1281.jpg
n02108672_1285,n02108672,imagenet/n02108672_1285.jpg
n02108672_12989,n02108672,imagenet/n02108672_12989.jpg
n02108672_12997,n02108672,imagenet/n02108672_12997.jpg
n02108672_1302,n02108672,imagenet/n02108672_1302.jpg
n02108672_13082,n02108672,imagenet/n02108672_13082.jpg
n02108672_13088,n02108672,imagenet/n02108672_13088.jpg
n02108672_13161,n02108672,imagenet/n02108672_13161.jpg
n02109047_1005,n02109047,imagenet/n02109047_1005.jpg
n02109047_10160,n02109047,imagenet/n02109047_10160.jpg
n02109047_10439,n02109047,imagenet/n02109047_10439.jpg
n02109047_10510,n02109047,imagenet/n02109047_10510.jpg
n02109047_1095,n02109047,imagenet/n02109047_1095.jpg
n02109047_111,n02109047,imagenet/n02109047_111.jpg
n02109047_12074,n02109047,imagenet/n02109047_12074.jpg
n02109047_12826,n02109047,imagenet/n02109047_12826.jpg
n02109047_1284,n02109047,imagenet/n02109047_1284.jpg
n02109047_12966,n02109047,imagenet/n02109047_12966.jpg
n02109047_13016,n02109047,imagenet/n02109047_13016.jpg
n02109047_13744,n02109047,imagenet/n02109047_13744.jpg
n02109047_13755,n02109047,imagenet/n02109047_13755.jpg
n02109047_13977,n02109047,imagenet/n02109047_13977.jpg
n02109047_13993,n02109047,imagenet/n02109047_13993.jpg
n02109047_1407,n02109047,imagenet/n02109047_1407.jpg
n02109047_14207,n02109047,imagenet/n02109047_14207.jpg
n02109047_1480,n02109047,imagenet/n02109047_1480.jpg
n02109047_1533,n02109047,imagenet/n02109047_1533.jpg
n02109047_15519,n02109047,imagenet/n02109047_15519.jpg
n02109525_10038,n02109525,imagenet/n02109525_10038.jpg
n02109525_10251,n02109525,imagenet/n02109525_10251.jpg
n02109525_10269,n02109525,imagenet/n02109525_10269.jpg
n02109525_10297,n02109525,imagenet/n02109525_10297.jpg
n02109525_10321,n02109525,imagenet/n02109525_10321.jpg
n02109525_10332,n02109525,imagenet/n02109525_10332.jpg
n02109525_10564,n02109525,imagenet/n02109525_10564.jpg
n02109525_10593,n02109525,imagenet/n02109525_10593.jpg
n02109525_10743,n02109525,imagenet/n02109525_10743.jpg
n02109525_10765,n02109525,imagenet/n02109525_10765.jpg
n02109525_10992,n02109525,imagenet/n02109525_10992.jpg
n02109525_11274,n02109525,imagenet/n02109525_11274.jpg
n02109525_11285,n02109525,imagenet/n02109525_11285.jpg
n02109525_11732,n02109525,imagenet/n02109525_11732.jpg
n02109525_11760,n02109525,imagenet/n02109525_11760.jpg
n02109525_12145,n02109525,imagenet/n02109525_12145.jpg
n02109525_12253,n02109525,imagenet/n02109525_12253.jpg
n02109525_12272,n02109525,imagenet/n02109525_12272.jpg
n02109525_12300,n02109525,imagenet/n02109525_12300.jpg
n02109525_12319,n02109525,imagenet/n02109525_12319.jpg
n02109525_12610,n02109525,imagenet/n02109525_12610.jpg
n02109525_12641,n02109525,imagenet/n02109525_12641.jpg
n02110806_1013,n02110806,imagenet/n02110806_1013.jpg
n02110806_1051,n02110806,imagenet/n02110806_1051.jpg
n02110806_1179,n02110806,imagenet/n02110806_1179.jpg
n02110806_1214,n02110806,imagenet/n02110806_1214.jpg
n02110806_1223,n02110806,imagenet/n02110806_1223.jpg
n02110806_1267,n02110806,imagenet/n02110806_1267.jpg
n02110806_1296,n02110806,imagenet/n02110806_1296.jpg
n02110806_1382,n02110806,imagenet/n02110806_1382.jpg
n02110806_1396,n02110806,imagenet/n02110806_1396.jpg
n02110806_1399,n02110806,imagenet/n02110806_1399.jpg
n02110806_1485,n02110806,imagenet/n02110806_1485.jpg
n02110806_1564,n02110806,imagenet/n02110806_1564.jpg
n02110806_1607,n02110806,imagenet/n02110806_1607.jpg
n02110806_1624,n02110806,imagenet/n02110806_1624.jpg
n02110806_1667,n02110806,imagenet/n02110806_1667.jpg
n02110958_10,n02110958,imagenet/n02110958_10.jpg
n02110958_10135,n02110958,imagenet/n02110958_10135.jpg
n02110958_10193,n02110958,imagenet/n02110958_10193.jpg
n02110958_10360,n02110958,imagenet/n02110958_10360.jpg
n02110958_10770,n02110958,imagenet/n02110958_10770.jpg
n02110958_10842,n02110958,imagenet/n02110958_10842.jpg
n02110958_11083,n02110958,imagenet/n02110958_11083.jpg
n02110958_11202,n02110958,imagenet/n02110958_11202.jpg
n02110958_11209,n02110958,imagenet/n02110958_11209.jpg
n02110958_11239,n02110958,imagenet/n02110958_11239.jpg
n02110958_11256,n02110958,imagenet/n02110958_11256.jpg
n02110958_11269,n02110958,imagenet/n02110958_11269.jpg
n02110958_11288,n02110958,imagenet/n02110958_11288.jpg
n02110958_11306,n02110958,imagenet/n02110958_11306.jpg
n02110958_11359,n02110958,imagenet/n02110958_11359.jpg
n02110958_11417,n02110958,imagenet/n02110958_11417.jpg
n02110958_11458,n02110958,imagenet/n02110958_11458.jpg
n02110958_11675,n02110958,imagenet/n02110958_11675.jpg
n02110958_11732,n02110958,imagenet/n02110958_11732.jpg
n02111626_10037,n02111626,imagenet/n02111626_10037.jpg
n02111626_10098,n02111626,imagenet/n02111626_10098.jpg
n02111626_10150,n02111626,imagenet/n02111626_10150.jpg
n02111626_10155,n02111626,imagenet/n02111626_10155.jpg
n02111626_10156,n02111626,imagenet/n02111626_10156.jpg
n02111626_10202,n02111626,imagenet/n02111626_10202.jpg
n02111626_10299,n02111626,imagenet/n02111626_10299.jpg
n02111626_10304,n02111626,imagenet/n02111626_10304.jpg
n02111626_10333,n02111626,imagenet/n02111626_10333.jpg
n02111626_10415,n02111626,imagenet/n02111626_10415.jpg
n02111626_10436,n02111626,imagenet/n02111626_10436.jpg
n02111626_10446,n02111626,imagenet/n02111626_10446.jpg
n02111626_10493,n02111626,imagenet/n02111626_10493.jpg
n02111626_10494,n02111626,imagenet/n02111626_10494.jpg
n02111626_10496,n02111626,imagenet/n02111626_10496.jpg
n02111626_10562,n02111626,imagenet/n02111626_10562.jpg
n02111626_10569,n02111626,imagenet/n02111626_10569.jpg
n02111626_10598,n02111626,imagenet/n02111626_10598.jpg
n02111626_10599,n02111626,imagenet/n02111626_10599.jpg
n02112350_10023,n02112350,imagenet/n02112350_10023.jpg
n02112350_10027,n02112350,imagenet/n02112350_10027.jpg
n02112350_10054,n02112350,imagenet/n02112350_10054.jpg
n02112350_10063,n02112350,imagenet/n02112350_10063.jpg
n02112350_10079,n02112350,imagenet/n02112350_10079.jpg
n02112350_10082,n02112350,imagenet/n02112350_10082.jpg
n02112350_10085,n02112350,imagenet/n02112350_10085.jpg
n02112350_10100,n02112350,imagenet/n02112350_10100.jpg
n02112350_10117,n02112350,imagenet/n02112350_10117.jpg
n02112350_10128,n02112350,imagenet/n02112350_10128.jpg
n02112350_10173,n02112350,imagenet/n02112350_10173.jpg
n02112350_10177,n02112350,imagenet/n02112350_10177.jpg
n02112350_10184,n02112350,imagenet/n02112350_10184.jpg
n02112350_10223,n02112350,imagenet/n02112350_10223.jpg
n02112350_10225,n02112350,imagenet/n02112350_10225.jpg
n02112350_10228,n02112350,imagenet/n02112350_10228.jpg
n02112350_10239,n02112350,imagenet/n02112350_10239.jpg
n02112350_10254,n02112350,imagenet/n02112350_10254.jpg
n02112350_10322,n02112350,imagenet/n02112350_10322.jpg
n02112350_10338,n02112350,imagenet/n02112350_10338.jpg
n02112350_10343,n02112350,imagenet/n02112350_10343.jpg
n02112350_10361,n02112350,imagenet/n02112350_10361.jpg
n02112350_1050,n02112350,imagenet/n02112350_1050.jpg
n02112826_10036,n02112826,imagenet/n02112826_10036.jpg
n02112826_10080,n02112826,imagenet/n02112826_10080.jpg
n02112826_1077,n02112826,imagenet/n02112826_1077.jpg
n02112826_11034,n02112826,imagenet/n02112826_11034.jpg
n02112826_11541,n02112826,imagenet/n02112826_11541.jpg
n02112826_118,n02112826,imagenet/n02112826_118.jpg
n02112826_12635,n02112826,imagenet/n02112826_12635.jpg
n02112826_12718,n02112826,imagenet/n02112826_12718.jpg
n02112826_13237,n02112826,imagenet/n02112826_13237.jpg
n02112826_1337,n02112826,imagenet/n02112826_1337.jpg
n02112826_13402,n02112826,imagenet/n02112826_13402.jpg
n02112826_13426,n02112826,imagenet/n02112826_13426.jpg
n02112826_1348,n02112826,imagenet/n02112826_1348.jpg
n02112826_13652,n02112826,imagenet/n02112826_13652.jpg
n02112826_13690,n02112826,imagenet/n02112826_13690.jpg
n02112826_13818,n02112826,imagenet/n02112826_13818.jpg
n02112826_13884,n02112826,imagenet/n02112826_13884.jpg
n02112826_13910,n02112826,imagenet/n02112826_13910.jpg
n02112826_13912,n02112826,imagenet/n02112826_13912.jpg
n02112826_14153,n02112826,imagenet/n02112826_14153.jpg
n02112826_14159,n02112826,imagenet/n02112826_14159.jpg
n02113335_10017,n02113335,imagenet/n02113335_10017.jpg
n02113335_10030,n02113335,imagenet/n02113335_10030.jpg
n02113335_10425,n02113335,imagenet/n02113335_10425.jpg
n02113335_10686,n02113335,imagenet/n02113335_10686.jpg
n02113335_10715,n02113335,imagenet/n02113335_10715.jpg
n02113335_10860,n02113335,imagenet/n02113335_10860.jpg
n02113335_10908,n02113335,imagenet/n02113335_10908.jpg
n02113335_10946,n02113335,imagenet/n02113335_10946.jpg
n02113335_1104,n02113335,imagenet/n02113335_1104.jpg
n02113335_11094,n02113335,imagenet/n02113335_11094.jpg
n02113335_11132,n02113335,imagenet/n02113335_11132.jpg
n02113335_1115,n02113335,imagenet/n02113335_1115.jpg
n02113335_11182,n02113335,imagenet/n02113335_11182.jpg
n02113335_1120,n02113335,imagenet/n02113335_1120.jpg
n02113335_11321,n02113335,imagenet/n02113335_11321.jpg
n02113335_11392,n02113335,imagenet/n02113335_11392.jpg
n02113335_11490,n02113335,imagenet/n02113335_11490.jpg
n02113335_11531,n02113335,imagenet/n02113335_11531.jpg
n02113335_11553,n02113335,imagenet/n02113335_11553.jpg
n02113335_11610,n02113335,imagenet/n02113335_11610.jpg
n02115913_1044,n02115913,imagenet/n02115913_1044.jpg
n02115913_1060,n02115913,imagenet/n02115913_1060.jpg
n02115913_1142,n02115913,imagenet/n02115913_1142.jpg
n02115913_116,n02115913,imagenet/n02115913_116.jpg
n02115913_1202,n02115913,imagenet/n02115913_1202.jpg
n02115913_1233,n02115913,imagenet/n02115913_1233.jpg
n02115913_1244,n02115913,imagenet/n02115913_1244.jpg
n02115913_1273,n02115913,imagenet/n02115913_1273.jpg
n02115913_1332,n02115913,imagenet/n02115913_1332.jpg
n02115913_1334,n02115913,imagenet/n02115913_1334.jpg
n02115913_1352,n02115913,imagenet/n02115913_1352.jpg
n02115913_139,n02115913,imagenet/n02115913_139.jpg
n02115913_1449,n02115913,imagenet/n02115913_1449.jpg
n02115913_1493,n02115913,imagenet/n02115913_1493.jpg
n02115913_150,n02115913,imagenet/n02115913_150.jpg
n02118176_1511,n02118176,imagenet/n02118176_1511.jpg
n02118176_1652,n02118176,imagenet/n02118176_1652.jpg
n02118176_1747,n02118176,imagenet/n02118176_1747.jpg
n02118176_1775,n02118176,imagenet/n02118176_1775.jpg
n02118176_1813,n02118176,imagenet/n02118176_1813.jpg
n02118176_1825,n02118176,imagenet/n02118176_1825.jpg
n02118176_1828,n02118176,imagenet/n02118176_1828.jpg
n02118176_1877,n02118176,imagenet/n02118176_1877.jpg
n02118176_1896,n02118176,imagenet/n02118176_1896.jpg
n02118176_2070,n02118176,imagenet/n02118176_2070.jpg
n02119789_10130,n02119789,imagenet/n02119789_10130.jpg
n02119789_10189,n02119789,imagenet/n02119789_10189.jpg
n02119789_10261,n02119789,imagenet/n02119789_10261.jpg
n02120997_10214,n02120997,imagenet/n02120997_10214.jpg
n02120997_1023,n02120997,imagenet/n02120997_1023.jpg
n02120997_10232,n02120997,imagenet/n02120997_10232.jpg
n02120997_10513,n02120997,imagenet/n02120997_10513.jpg
n02120997_10654,n02120997,imagenet/n02120997_10654.jpg
n02120997_10696,n02120997,imagenet/n02120997_10696.jpg
n02120997_10723,n02120997,imagenet/n02120997_10723.jpg
n02120997_10724,n02120997,imagenet/n02120997_10724.jpg
n02120997_10760,n02120997,imagenet/n02120997_10760.jpg
n02120997_10829,n02120997,imagenet/n02120997_10829.jpg
n02120997_1085,n02120997,imagenet/n02120997_1085.jpg
n02120997_10902,n02120997,imagenet/n02120997_10902.jpg
n02120997_11128,n02120997,imagenet/n02120997_11128.jpg
n02120997_11151,n02120997,imagenet/n02120997_11151.jpg
n02120997_11226,n02120997,imagenet/n02120997_11226.jpg
n02120997_11395,n02120997,imagenet/n02120997_11395.jpg
n02120997_11600,n02120997,imagenet/n02120997_11600.jpg
n02120997_11712,n02120997,imagenet/n02120997_11712.jpg
n02122430_1150,n02122430,imagenet/n02122430_1150.jpg
n02122430_1445,n02122430,imagenet/n02122430_1445.jpg
n02122430_1611,n02122430,imagenet/n02122430_1611.jpg
n02122430_17,n02122430,imagenet/n02122430_17.jpg
n02122430_1834,n02122430,imagenet/n02122430_1834.jpg
n02122430_1901,n02122430,imagenet/n02122430_1901.jpg
n02122430_1926,n02122430,imagenet/n02122430_1926.jpg
n02122430_1960,n02122430,imagenet/n02122430_1960.jpg
n02122430_2142,n02122430,imagenet/n02122430_2142.jpg
n02122430_2143,n02122430,imagenet/n02122430_2143.jpg
n02122430_2410,n02122430,imagenet/n02122430_2410.jpg
n02122430_2461,n02122430,imagenet/n02122430_2461.jpg
n02122430_252,n02122430,imagenet/n02122430_252.jpg
n02122430_2627,n02122430,imagenet/n02122430_2627.jpg
n02122430_2764,n02122430,imagenet/n02122430_2764.jpg
n02122430_2826,n02122430,imagenet/n02122430_2826.jpg
n02122430_29,n02122430,imagenet/n02122430_29.jpg
n02122430_3010,n02122430,imagenet/n02122430_3010.jpg
n02123045_10197,n02123045,imagenet/n02123045_10197.jpg
n02123045_10543,n02123045,imagenet/n02123045_10543.jpg
n02123045_1055,n02123045,imagenet/n02123045_1055.jpg
n02123045_10681,n02123045,imagenet/n02123045_10681.jpg
n02123045_10688,n02123045,imagenet/n02123045_10688.jpg
n02123045_10689,n02123045,imagenet/n02123045_10689.jpg
n02123045_10703,n02123045,imagenet/n02123045_10703.jpg
n02123045_10775,n02123045,imagenet/n02123045_10775.jpg
n02123045_10788,n02123045,imagenet/n02123045_10788.jpg
n02123045_10834,n02123045,imagenet/n02123045_10834.jpg
n02123045_10838,n02123045,imagenet/n02123045_10838.jpg
n02123045_10849,n02123045,imagenet/n02123045_10849.jpg
n02123045_10873,n02123045,imagenet/n02123045_10873.jpg
n02123045_10878,n02123045,imagenet/n02123045_10878.jpg
n02123045_10886,n02123045,imagenet/n02123045_10886.jpg
n02123045_10890,n02123045,imagenet/n02123045_10890.jpg
n02123045_10894,n02123045,imagenet/n02123045_10894.jpg
n02123045_10938,n02123045,imagenet/n02123045_10938.jpg
n02123045_10973,n02123045,imagenet/n02123045_10973.jpg
n02123045_11006,n02123045,imagenet/n02123045_11006.jpg
n02123045_11019,n02123045,imagenet/n02123045_11019.jpg
n02123394_10109,n02123394,imagenet/n02123394_10109.jpg
n02123394_1013,n02123394,imagenet/n02123394_1013.jpg
n02123394_10235,n02123394,imagenet/n02123394_10235.jpg
n02123394_1035,n02123394,imagenet/n02123394_1035.jpg
n02123394_1084,n02123394,imagenet/n02123394_1084.jpg
n02123394_1115,n02123394,imagenet/n02123394_1115.jpg
n02123394_1156,n02123394,imagenet/n02123394_1156.jpg
n02123394_1178,n02123394,imagenet/n02123394_1178.jpg
n02123394_121,n02123394,imagenet/n02123394_121.jpg
n02123394_1400,n02123394,imagenet/n02123394_1400.jpg
n02123394_1533,n02123394,imagenet/n02123394_1533.jpg
n02123394_1598,n02123394,imagenet/n02123394_1598.jpg
n02123394_1685,n02123394,imagenet/n02123394_1685.jpg
n02123394_1744,n02123394,imagenet/n02123394_1744.jpg
n02123394_1798,n02123394,imagenet/n02123394_1798.jpg
n02123394_1834,n02123394,imagenet/n02123394_1834.jpg
n02123394_1844,n02123394,imagenet/n02123394_1844.jpg
n02124075_10034,n02124075,imagenet/n02124075_10034.jpg
n02124075_10052,n02124075,imagenet/n02124075_10052.jpg
n02124075_10131,n02124075,imagenet/n02124075_10131.jpg
